{
    "materials":[{
        "depthTest":true,
        "colorEmissive":[0,0,0],
        "doubleSided":false,
        "colorDiffuse":[1,1,1],
        "mapDiffuse":"../texture/colors.png",
        "DbgIndex":0,
        "blending":1,
        "shading":"phong",
        "mapDiffuseAnisotropy":1,
        "mapDiffuseWrap":["repeat","repeat"],
        "DbgColor":15658734,
        "wireframe":false,
        "DbgName":"tex",
        "mapDiffuseRepeat":[1,1],
        "visible":true,
        "colorSpecular":[0.5,0.5,0.5],
        "specularCoef":50,
        "opacity":1,
        "transparent":false,
        "depthWrite":true
    }],
    "uvs":[[0.108052,0.322433,0.108052,0.322433,0.108052,0.322433,0.108052,0.322433,0.108052,0.322433,0.108052,0.322433,0.352353,0.608274,0.108052,0.322433,0.108052,0.322433,0.84451,0.578745,0.864196,0.893725,0.864196,0.893725,0.108052,0.322433,0.108052,0.322433,0.560445,0.859079,0.677176,0.588588,0.677176,0.588588,0.108052,0.322433,0.108052,0.322433,0.108052,0.322433,0.108052,0.322433,0.108052,0.322433]],
    "normals":[0,0,0,0,1,-4.37958e-08,-1.277e-09,1,-4.36267e-08,0,1,-4.37958e-08,0,1,-4.39303e-08,0,1,-4.37958e-08,7.96903e-09,1,-4.36984e-08,2.58679e-10,1,-4.29799e-08,4.75258e-08,1,-4.38597e-08,-7.2973e-11,1,-4.37728e-08,-9.74983e-10,1,-4.36153e-08,0,0,1,0,1,-4.39303e-08,0,1,-4.36984e-08,0,1,-4.39303e-08,-0,0,1,1.41819e-10,1,-4.36984e-08,-1.41035e-09,1,-4.5139e-08,3.18229e-10,1,-4.36186e-08,0,1,-3.7724e-08,0,1,-3.7724e-08,1,0,0,5.03658e-10,1,-4.37722e-08,1,0,-0,5.61105e-15,1,-3.77237e-08,4.29178e-10,1,-4.36181e-08,0,1,-3.77241e-08,4.97501e-10,1,-4.36984e-08,1,-0,0,1,0,0,-1,0,0,-0,0,-1,3.53833e-11,1,-4.36984e-08,6.51125e-15,1,-4.37957e-08,3.54407e-11,1,-4.36984e-08,0,1,0,3.54126e-11,1,-4.36638e-08,0,1,-4.33551e-08,-9.2509e-10,1,-4.36984e-08,-4.75252e-08,1,-4.38597e-08,0,1,-4.37958e-08,1.27759e-09,1,-4.36267e-08,0,1,-4.37958e-08,-5.6796e-10,1,-4.36174e-08,-1,0,-0,0,-1,4.7164e-08,0,0,-1,-1.48741e-07,0,1,-8.53919e-08,1,-4.36985e-08,-1.1364e-09,1,-4.36984e-08,2.13425e-14,1,-4.39303e-08,-5.69522e-13,1,-4.49079e-08,-7.35581e-08,1,-8.0997e-08,-5.57135e-13,1,-4.39312e-08,1.54205e-14,1,-4.39303e-08,6.53126e-15,1,-4.39303e-08,1.41802e-10,1,-4.36984e-08,6.79559e-15,1,-4.39303e-08,-3.70787e-10,1,-4.39303e-08,0,1,-4.38597e-08,-1,0,0,1,0,3.49587e-07,1.48673e-07,0,-1,6.49974e-15,1,-4.36984e-08,-2.42987e-07,0,1,-1,0,-3.49587e-07,-1.48673e-07,0,1,1.5469e-07,0,-1,5.30907e-15,1,-4.36984e-08,6.49678e-15,1,-4.36984e-08,1,-0,3.49587e-07,0.124035,0.992278,-0,-0,-1,0],
    "faces":[42,14,0,1,0,5,0,0,0,0,0,42,1,2,3,0,0,1,1,0,0,0,42,3,4,5,0,1,2,3,1,1,1,42,6,7,8,0,3,3,0,2,2,2,42,3,5,6,0,1,3,3,3,3,3,42,14,1,3,0,5,0,1,0,0,0,42,11,12,13,0,4,3,4,4,4,4,42,14,3,6,0,5,1,3,5,5,5,42,11,13,14,0,4,4,5,6,6,6,42,9,10,11,0,3,3,4,7,7,7,42,6,8,9,0,3,0,3,8,8,8,42,11,14,6,0,4,5,3,9,9,9,42,6,9,11,0,3,3,4,10,10,10,43,16,0,14,15,0,6,6,6,6,11,11,11,11,42,17,13,12,0,1,4,3,12,12,12,42,1,0,17,0,0,0,1,13,13,13,42,3,2,19,0,1,7,3,13,13,13,42,20,1,17,0,8,0,1,13,13,13,42,18,3,19,0,3,1,3,13,13,13,42,19,20,17,0,3,8,1,0,0,0,42,12,18,19,0,3,3,3,14,14,14,42,17,12,19,0,1,3,3,14,14,14,43,1,21,22,2,0,9,9,9,9,15,15,15,15,43,3,23,24,4,0,10,11,11,11,15,15,15,15,42,25,18,12,0,4,3,3,14,14,14,42,5,4,25,0,3,2,4,16,16,16,42,28,10,9,0,13,3,3,17,17,17,42,29,5,25,0,3,3,4,18,18,18,42,28,9,29,0,13,3,3,19,19,19,42,25,12,26,0,4,3,12,14,14,14,42,27,28,29,0,3,13,3,20,20,20,42,25,26,27,0,4,12,3,21,21,21,42,25,27,29,0,4,3,3,22,22,22,43,5,30,31,6,0,3,3,3,3,11,11,11,11,43,6,31,32,7,0,3,3,3,3,23,23,23,23,42,36,33,34,0,13,1,3,24,24,24,42,8,7,35,0,0,3,0,25,25,25,42,36,34,8,0,13,3,0,26,26,26,42,8,35,36,0,0,0,13,27,27,27,43,8,37,38,9,0,14,14,14,14,21,21,21,21,42,40,39,11,0,15,15,15,28,28,28,42,10,28,40,0,16,15,15,23,23,23,42,11,10,40,0,15,16,15,23,23,23,42,39,41,26,0,15,15,15,11,11,11,42,26,12,11,0,15,16,15,0,0,0,42,26,11,39,0,15,15,15,11,11,11,43,13,42,15,14,0,6,6,6,6,29,29,29,29,43,16,15,42,43,0,6,6,6,6,13,13,13,13,43,0,16,43,17,0,6,6,6,6,30,30,30,30,43,17,43,42,13,0,6,6,6,6,31,31,31,31,43,18,44,23,3,0,10,11,11,11,29,29,29,29,43,2,22,45,19,0,9,9,9,9,30,30,30,30,43,19,45,46,20,0,9,9,9,9,31,31,31,31,43,20,46,21,1,0,9,9,9,9,29,29,29,29,43,22,21,46,45,0,9,9,9,9,13,13,13,13,43,24,23,44,47,0,11,11,11,11,13,13,13,13,43,4,24,47,25,0,10,11,11,11,30,30,30,30,43,25,47,44,18,0,10,11,11,11,31,31,31,31,43,26,41,48,27,0,15,15,15,15,30,30,30,30,43,27,48,40,28,0,15,15,15,15,31,31,31,31,43,9,38,49,29,0,14,14,14,14,15,15,15,15,42,61,50,51,0,20,17,17,32,32,32,42,52,53,7,0,0,18,3,33,33,33,42,61,51,52,0,20,17,0,34,34,34,42,58,59,60,0,19,19,19,35,35,35,42,61,52,7,0,20,0,3,36,36,36,42,58,60,61,0,19,19,20,0,0,0,42,34,55,56,0,3,2,4,37,37,37,42,57,58,61,0,1,19,20,0,0,0,42,34,56,57,0,3,4,1,38,38,38,42,5,29,34,0,3,3,3,39,39,39,42,61,7,54,0,20,3,3,40,40,40,42,54,5,34,0,3,3,3,41,41,41,42,57,61,54,0,1,20,3,42,42,42,42,54,34,57,0,3,3,1,43,43,43,43,54,62,30,5,0,3,3,3,3,44,44,44,44,43,30,62,32,31,0,3,3,3,3,45,45,45,45,43,7,32,62,54,0,3,3,3,3,46,46,46,46,43,36,63,64,33,0,15,15,15,15,47,47,47,47,42,65,60,59,0,3,19,21,48,48,48,42,51,50,65,0,17,17,3,35,35,35,42,34,33,67,0,3,1,20,49,49,49,42,67,51,65,0,20,17,3,50,50,50,42,65,59,66,0,3,21,12,51,51,51,42,55,34,67,0,2,3,20,52,52,52,42,67,65,66,0,20,3,12,53,53,53,42,66,55,67,0,12,2,20,54,54,54,43,34,68,37,8,0,14,14,14,14,31,31,31,31,42,69,51,67,0,0,17,20,55,55,55,42,7,53,69,0,3,18,0,56,56,56,42,69,67,35,0,0,20,0,57,57,57,42,35,7,69,0,0,3,0,58,58,58,43,35,70,63,36,0,15,15,15,15,29,29,29,29,43,49,38,37,68,0,14,14,14,14,59,59,59,59,43,41,39,40,48,0,15,15,15,15,13,13,13,13,43,29,49,68,34,0,14,14,14,14,60,60,60,60,43,61,71,72,50,0,9,9,9,9,61,61,61,61,43,51,73,74,52,0,10,11,11,11,30,30,30,30,43,52,74,75,53,0,10,11,11,11,62,62,62,62,43,60,76,71,61,0,9,9,9,9,31,31,31,31,43,70,77,64,63,0,15,15,15,15,63,63,63,63,43,33,64,77,67,0,15,15,15,15,30,30,30,30,43,50,72,78,65,0,9,9,9,9,64,64,64,64,43,65,78,76,60,0,9,9,9,9,65,65,65,65,43,69,79,73,51,0,10,11,11,11,66,66,66,66,43,67,77,70,35,0,15,15,15,15,67,67,67,67,43,53,75,79,69,0,10,11,11,11,29,29,29,29,43,71,76,78,72,0,9,9,9,9,68,68,68,68,43,75,74,73,79,0,11,11,11,11,69,69,69,69,43,80,81,82,83,0,6,6,6,6,68,68,68,68,42,80,83,66,0,6,6,6,70,70,70,42,66,59,58,0,6,6,6,71,71,71,42,66,58,80,0,6,6,6,61,61,61,43,57,81,80,58,0,6,6,6,6,31,31,31,31,43,56,82,81,57,0,6,6,6,6,65,65,65,65,42,83,82,56,0,6,6,6,64,64,64,42,56,55,66,0,6,6,6,72,72,72,42,56,66,83,0,6,6,6,64,64,64],