{
    "vertices":[-0.0607598,0.364331,0.87716,-0.0607598,4.37114e-08,1,-0.0607598,1,1,-0.0607598,0.589424,0.783647,-0.0607598,0.594315,0.792798,-0.0607598,0.597327,0.802727,-0.0607598,0.598344,0.813053,-0.0607598,0.597327,0.823379,-0.0607598,0.594315,0.833308,-0.0607598,0.589424,0.842458,-0.0607598,0.582842,0.850479,-0.0607598,0.574821,0.857062,-0.0607598,0.56567,0.861953,-0.0607598,0.555741,0.864965,-0.0607598,0.545415,0.865982,-0.0607598,0.535089,0.864965,-0.0607598,0.52516,0.861953,-0.0607598,0.516009,0.857062,-0.0607598,0.512887,0.854499,-0.0607598,0.509851,0.852007,-0.0607598,0.514136,0.770581,-0.0607598,0.516009,0.769044,-0.0607598,0.52516,0.764153,-0.0607598,0.535089,0.761141,-0.0607598,0.545415,0.760124,-0.0607598,0.555741,0.761141,-0.0607598,0.56567,0.764153,-0.0607598,0.574821,0.769044,-0.0607598,0.582841,0.775626,-0.0607598,1,-4.37114e-08,-0.0607598,0,0,-0.0607598,0.364331,0.746498,-0.0607598,0.512315,0.772076,0.0607598,1,1,0.0607598,4.37114e-08,1,0.0607598,1,-4.37114e-08,0.0607598,0,0,0.0607598,0.513881,0.77079,0.0607598,0.512315,0.772076,0.0607598,0.364331,0.746498,0.0607598,0.364331,0.87716,0.0607598,0.594315,0.792798,0.0607598,0.589424,0.783647,0.0607598,0.582841,0.775626,0.0607598,0.574821,0.769044,0.0607598,0.56567,0.764153,0.0607598,0.555741,0.761141,0.0607598,0.545415,0.760124,0.0607598,0.535089,0.761141,0.0607598,0.52516,0.764153,0.0607598,0.516009,0.769044,0.0607598,0.509851,0.852007,0.0607598,0.512462,0.85415,0.0607598,0.516009,0.857062,0.0607598,0.52516,0.861953,0.0607598,0.535089,0.864965,0.0607598,0.545415,0.865982,0.0607598,0.555741,0.864965,0.0607598,0.56567,0.861953,0.0607598,0.574821,0.857062,0.0607598,0.582842,0.850479,0.0607598,0.589424,0.842458,0.0607598,0.594315,0.833308,0.0607598,0.597327,0.823379,0.0607598,0.598344,0.813053,0.0607598,0.597327,0.802727],
    "uvs":[[0.87716,0.364331,1,0,1,1,0.783647,0.589424,0.792798,0.594315,0.802727,0.597327,0.813053,0.598344,0.823379,0.597327,0.833308,0.594315,0.842458,0.589424,0.850479,0.582841,0.857062,0.574821,0.861953,0.56567,0.864965,0.555741,0.865982,0.545415,0.864965,0.535089,0.861953,0.52516,0.857062,0.516009,0.854499,0.512887,0.852007,0.509851,0.770581,0.514136,0.769044,0.516009,0.764153,0.52516,0.761141,0.535089,0.760124,0.545415,0.761141,0.555741,0.764153,0.56567,0.769044,0.574821,0.775626,0.582841,0,1,0,0,0.746498,0.364331,0.772076,0.512315,0.77079,0.513881,0.769044,0.574821,0.761141,0.535089,0.85415,0.512462,0.833308,0.594315,0.802727,0.597327]],
    "normals":[-1,0,0,-1,0,-0,-1,0,-0,-1,-0,-0,-1,0,0,-1,-0,0,0,5.96046e-08,1,-0,1,0,0,-4.37114e-08,-1,0,-1,4.37114e-08,1,-0,0,1,0,0,1,0,-0,1,0,0,1,-0,-0,-2.41642e-08,0.0980189,0.995185,0,-0.098014,0.995185,-1.42101e-07,0.290284,0.956941,0,-0.290283,0.956941,-1.16854e-07,0.471397,0.881921,1.16854e-07,-0.471397,0.881921,1.17129e-07,0.634386,0.773017,1.55805e-07,-0.634392,0.773011,-1.57942e-08,0.634399,0.773006,1.88985e-07,-0.773011,0.634393,4.46535e-08,-0.17032,0.985389,2.16397e-07,-0.881919,0.4714,0,1,0,-2.3515e-07,-0.95694,0.290285,0,-0.17032,-0.985389,0,-0.995185,0.0980134,3.07303e-09,0.634389,-0.773014,2.44166e-07,-0.995185,-0.09801,3.03622e-08,0.634398,-0.773006,2.3443e-07,-0.95694,-0.290287,-1.16854e-07,0.471397,-0.881921,2.16396e-07,-0.881923,-0.471393,-7.14105e-08,0.290282,-0.956941,0,-0.77301,-0.634394,-2.41643e-08,0.0980194,-0.995184,0,-0.634391,-0.773012,2.41642e-08,-0.0980189,-0.995185,1.16854e-07,-0.471401,-0.881919,7.06896e-08,-0.290283,-0.956941],
    "materials":[{
        "shading":"phong",
        "colorDiffuse":[0.64,0.64,0.64],
        "doubleSided":false,
        "opacity":1,
        "transparent":false,
        "depthWrite":true,
        "blending":1,
        "colorEmissive":[0,0,0],
        "mapDiffuseRepeat":[1,1],
        "mapDiffuse":"../texture/door.jpg",
        "DbgColor":15658734,
        "DbgName":"Material.004",
        "specularCoef":50,
        "mapDiffuseAnisotropy":1,
        "DbgIndex":0,
        "mapDiffuseWrap":["repeat","repeat"],
        "depthTest":true,
        "wireframe":false,
        "visible":true,
        "colorSpecular":[0.5,0.5,0.5]
    }],
    "metadata":{
        "version":3,
        "normals":44,
        "materials":1,
        "faces":99,
        "type":"Geometry",
        "uvs":1,
        "vertices":66,
        "generator":"io_three"
    },
    "faces":[42,19,0,1,0,19,0,1,0,0,0,42,2,3,4,0,2,3,4,1,1,1,42,18,19,1,0,18,19,1,0,0,0,42,2,4,5,0,2,4,5,1,1,1,42,17,18,1,0,17,18,1,0,0,0,42,2,5,6,0,2,5,6,2,2,2,42,16,17,1,0,16,17,1,0,0,0,42,2,6,7,0,2,6,7,0,0,0,42,15,16,1,0,15,16,1,0,0,0,42,2,7,8,0,2,7,8,0,0,0,42,15,1,2,0,15,1,2,3,3,3,42,2,8,9,0,2,8,9,0,0,0,42,14,15,2,0,14,15,2,2,2,2,42,2,9,10,0,2,9,10,0,0,0,42,13,14,2,0,13,14,2,2,2,2,42,2,10,11,0,2,10,11,0,0,0,42,12,13,2,0,12,13,2,2,2,2,42,2,11,12,0,2,11,12,0,0,0,42,32,20,21,0,32,20,21,4,4,4,42,28,3,2,0,28,3,2,0,0,0,42,31,32,21,0,31,32,21,5,5,5,42,27,28,2,0,27,28,2,0,0,0,42,31,21,22,0,31,21,22,5,5,5,42,27,2,29,0,27,2,29,5,5,5,42,31,22,23,0,31,22,23,5,5,5,42,26,27,29,0,26,27,29,5,5,5,42,31,23,24,0,31,23,24,5,5,5,42,25,26,29,0,25,26,29,5,5,5,42,1,0,31,0,1,0,31,0,0,0,42,24,25,29,0,24,25,29,5,5,5,42,30,1,31,0,30,1,31,5,5,5,42,31,24,29,0,31,24,29,5,5,5,42,29,30,31,0,29,30,31,2,2,2,43,33,2,1,34,0,2,2,1,1,6,6,6,6,43,33,35,29,2,0,2,29,29,2,7,7,7,7,43,29,35,36,30,0,29,29,30,30,8,8,8,8,43,1,30,36,34,0,1,30,30,1,9,9,9,9,42,37,38,39,0,33,32,31,10,10,10,42,33,41,42,0,2,4,3,11,11,11,42,50,37,39,0,21,33,31,10,10,10,42,33,42,43,0,2,3,28,11,11,11,42,49,50,39,0,22,21,31,10,10,10,42,33,43,44,0,2,28,34,11,11,11,42,48,49,39,0,35,22,31,10,10,10,42,35,33,44,0,29,2,34,10,10,10,42,47,48,39,0,24,35,31,10,10,10,42,35,44,45,0,29,34,26,10,10,10,42,39,40,34,0,31,0,1,11,11,11,42,35,45,46,0,29,26,25,10,10,10,42,39,34,36,0,31,1,30,10,10,10,42,35,46,47,0,29,25,24,10,10,10,42,47,39,36,0,24,31,30,11,11,11,42,36,35,47,0,30,29,24,11,11,11,42,34,40,51,0,1,0,19,11,11,11,42,51,52,53,0,19,36,17,11,11,11,42,65,41,33,0,38,4,2,12,12,12,42,34,51,53,0,1,19,17,13,13,13,42,64,65,33,0,6,38,2,12,12,12,42,34,53,54,0,1,17,16,11,11,11,42,63,64,33,0,7,6,2,13,13,13,42,34,54,55,0,1,16,15,11,11,11,42,62,63,33,0,37,7,2,11,11,11,42,34,55,56,0,1,15,14,11,11,11,42,61,62,33,0,9,37,2,11,11,11,42,34,56,57,0,1,14,13,11,11,11,42,60,61,33,0,10,9,2,11,11,11,42,33,34,57,0,2,1,13,14,14,14,42,59,60,33,0,11,10,2,11,11,11,42,33,57,58,0,2,13,12,12,12,12,42,58,59,33,0,12,11,2,13,13,13,43,24,23,48,47,0,24,23,35,24,15,15,15,15,43,25,24,47,46,0,25,24,24,25,16,16,16,16,43,23,22,49,48,0,23,22,22,35,17,17,17,17,43,26,25,46,45,0,26,25,25,26,18,18,18,18,43,22,21,50,49,0,22,21,21,22,19,19,19,19,43,27,26,45,44,0,27,26,26,34,20,20,20,20,43,21,20,37,50,0,21,20,33,21,21,21,21,21,43,28,27,44,43,0,28,27,34,28,22,22,22,22,43,20,32,38,37,0,20,32,32,33,23,23,23,23,43,3,28,43,42,0,3,28,28,3,24,24,24,24,43,39,38,32,31,0,31,32,32,31,25,25,25,25,43,4,3,42,41,0,4,3,3,4,26,26,26,26,43,31,0,40,39,0,31,0,0,31,27,27,27,27,43,5,4,41,65,0,5,4,4,38,28,28,28,28,43,0,19,51,40,0,0,19,19,0,29,29,29,29,43,6,5,65,64,0,6,5,38,6,30,30,30,30,43,52,51,19,18,0,36,19,19,18,31,31,31,31,43,7,6,64,63,0,7,6,6,7,32,32,32,32,43,18,17,53,52,0,18,17,17,36,33,33,33,33,43,8,7,63,62,0,8,7,7,37,34,34,34,34,43,17,16,54,53,0,17,16,16,17,35,35,35,35,43,9,8,62,61,0,9,8,37,9,36,36,36,36,43,16,15,55,54,0,16,15,15,16,37,37,37,37,43,10,9,61,60,0,10,9,9,10,38,38,38,38,43,15,14,56,55,0,15,14,14,15,39,39,39,39,43,11,10,60,59,0,11,10,10,11,40,40,40,40,43,14,13,57,56,0,14,13,13,14,41,41,41,41,43,12,11,59,58,0,12,11,11,12,42,42,42,42,43,13,12,58,57,0,13,12,12,13,43,43,43,43]
}