{
    "metadata":{
        "type":"Geometry",
        "materials":1,
        "version":3,
        "uvs":1,
        "generator":"io_three",
        "normals":45,
        "vertices":66,
        "faces":99
    },
    "materials":[{
        "colorEmissive":[0,0,0],
        "depthTest":true,
        "depthWrite":true,
        "specularCoef":50,
        "DbgColor":15658734,
        "transparent":false,
        "doubleSided":false,
        "colorDiffuse":[0.64,0.64,0.64],
        "opacity":1,
        "wireframe":false,
        "visible":true,
        "shading":"phong",
        "blending":1,
        "DbgIndex":0,
        "mapDiffuse":"../texture/wood_planks.jpg",
        "DbgName":"Material.004",
        "mapDiffuseAnisotropy":1,
        "mapDiffuseWrap":["repeat","repeat"],
        "mapDiffuseRepeat":[1,1],
        "colorSpecular":[0.5,0.5,0.5]
    }],
    "vertices":[-0.0239735,0.364331,0.37716,-0.0239735,2.18557e-08,0.5,-0.0239735,1,0.5,-0.0239735,0.589424,0.283647,-0.0239735,0.594315,0.292798,-0.0239735,0.597327,0.302727,-0.0239735,0.598344,0.313053,-0.0239735,0.597327,0.323379,-0.0239735,0.594315,0.333308,-0.0239735,0.589424,0.342458,-0.0239735,0.582842,0.350479,-0.0239735,0.574821,0.357062,-0.0239735,0.56567,0.361953,-0.0239735,0.555741,0.364965,-0.0239735,0.545415,0.365982,-0.0239735,0.535089,0.364965,-0.0239735,0.52516,0.361953,-0.0239735,0.516009,0.357062,-0.0239735,0.512887,0.354499,-0.0239735,0.509851,0.352007,-0.0239735,0.514136,0.270581,-0.0239735,0.516009,0.269044,-0.0239735,0.52516,0.264153,-0.0239735,0.535089,0.261141,-0.0239735,0.545415,0.260124,-0.0239735,0.555741,0.261141,-0.0239735,0.56567,0.264153,-0.0239735,0.574821,0.269044,-0.0239735,0.582841,0.275626,-0.0239735,1,-0.5,-0.0239735,-2.18557e-08,-0.5,-0.0239735,0.364331,0.246498,-0.0239735,0.512315,0.272076,0.0239735,1,0.5,0.0239735,2.18557e-08,0.5,0.0239735,1,-0.5,0.0239735,-2.18557e-08,-0.5,0.0239735,0.513881,0.27079,0.0239735,0.512315,0.272076,0.0239735,0.364331,0.246498,0.0239735,0.364331,0.37716,0.0239735,0.594315,0.292798,0.0239735,0.589424,0.283647,0.0239735,0.582841,0.275626,0.0239735,0.574821,0.269044,0.0239735,0.56567,0.264153,0.0239735,0.555741,0.261141,0.0239735,0.545415,0.260124,0.0239735,0.535089,0.261141,0.0239735,0.52516,0.264153,0.0239735,0.516009,0.269044,0.0239735,0.509851,0.352007,0.0239735,0.512462,0.35415,0.0239735,0.516009,0.357062,0.0239735,0.52516,0.361953,0.0239735,0.535089,0.364965,0.0239735,0.545415,0.365982,0.0239735,0.555741,0.364965,0.0239735,0.56567,0.361953,0.0239735,0.574821,0.357062,0.0239735,0.582842,0.350479,0.0239735,0.589424,0.342458,0.0239735,0.594315,0.333308,0.0239735,0.597327,0.323379,0.0239735,0.598344,0.313053,0.0239735,0.597327,0.302727],
    "normals":[-1,0,0,-1,0,-0,-1,0,0,-1,0,-0,-1,-0,-0,-1,-0,0,0,5.96046e-08,1,-0,1,0,0,-5.96046e-08,-1,0,-1,4.37114e-08,1,-0,0,1,0,0,1,-0,0,1,0,-0,1,0,0,1,-0,-0,-6.12433e-08,0.0980188,0.995185,0,-0.098014,0.995185,-3.60149e-07,0.290284,0.95694,0,-0.290283,0.956941,-2.96162e-07,0.471397,0.881921,2.96162e-07,-0.471397,0.881921,2.96858e-07,0.634386,0.773017,3.94883e-07,-0.634392,0.773011,-4.00298e-08,0.634399,0.773006,4.78976e-07,-0.773011,0.634393,1.13172e-07,-0.17032,0.985389,5.48449e-07,-0.881919,0.4714,0,1,0,-5.95979e-07,-0.95694,0.290285,0,-0.17032,-0.985389,0,-0.995185,0.0980134,7.78847e-09,0.634389,-0.773014,6.1883e-07,-0.995185,-0.09801,7.69518e-08,0.634398,-0.773006,5.94154e-07,-0.95694,-0.290287,-2.96162e-07,0.471397,-0.881921,5.48447e-07,-0.881923,-0.471393,-1.80987e-07,0.290282,-0.956941,0,-0.77301,-0.634394,-6.12436e-08,0.0980194,-0.995185,0,-0.634391,-0.773012,6.12433e-08,-0.0980188,-0.995185,2.96161e-07,-0.471401,-0.881919,1.7916e-07,-0.290283,-0.956941],
    "faces":[42,19,0,1,0,19,0,1,0,0,0,42,2,3,4,0,2,3,4,1,1,1,42,18,19,1,0,18,19,1,2,2,2,42,2,4,5,0,2,4,5,1,1,1,42,17,18,1,0,17,18,1,0,0,0,42,2,5,6,0,2,5,6,3,3,3,42,16,17,1,0,16,17,1,0,0,0,42,2,6,7,0,2,6,7,0,0,0,42,15,16,1,0,15,16,1,0,0,0,42,2,7,8,0,2,7,8,0,0,0,42,15,1,2,0,15,1,2,4,4,4,42,2,8,9,0,2,8,9,0,0,0,42,14,15,2,0,14,15,2,3,3,3,42,2,9,10,0,2,9,10,0,0,0,42,13,14,2,0,13,14,2,3,3,3,42,2,10,11,0,2,10,11,0,0,0,42,12,13,2,0,12,13,2,3,3,3,42,2,11,12,0,2,11,12,0,0,0,42,32,20,21,0,32,20,21,2,2,2,42,28,3,2,0,28,3,2,0,0,0,42,31,32,21,0,31,32,21,5,5,5,42,27,28,2,0,27,28,2,0,0,0,42,31,21,22,0,31,21,22,5,5,5,42,27,2,29,0,27,2,29,5,5,5,42,31,22,23,0,31,22,23,5,5,5,42,26,27,29,0,26,27,29,5,5,5,42,31,23,24,0,31,23,24,5,5,5,42,25,26,29,0,25,26,29,5,5,5,42,1,0,31,0,1,0,31,0,0,0,42,24,25,29,0,24,25,29,5,5,5,42,30,1,31,0,30,1,31,5,5,5,42,31,24,29,0,31,24,29,5,5,5,42,29,30,31,0,29,30,31,3,3,3,43,33,2,1,34,0,2,33,34,1,6,6,6,6,43,33,35,29,2,0,35,36,29,2,7,7,7,7,43,29,35,36,30,0,29,37,38,30,8,8,8,8,43,1,30,36,34,0,1,30,30,1,9,9,9,9,42,37,38,39,0,39,40,31,10,10,10,42,33,41,42,0,2,4,41,11,11,11,42,50,37,39,0,21,39,31,10,10,10,42,33,42,43,0,2,41,28,11,11,11,42,49,50,39,0,44,21,31,10,10,10,42,33,43,44,0,2,28,42,11,11,11,42,48,49,39,0,43,44,31,10,10,10,42,35,33,44,0,29,2,42,10,10,10,42,47,48,39,0,24,43,31,12,12,12,42,35,44,45,0,29,42,26,10,10,10,42,39,40,34,0,31,0,1,11,11,11,42,35,45,46,0,29,26,25,10,10,10,42,39,34,36,0,31,1,30,10,10,10,42,35,46,47,0,29,25,24,10,10,10,42,47,39,36,0,24,31,30,11,11,11,42,36,35,47,0,30,29,24,11,11,11,42,34,40,51,0,1,0,19,11,11,11,42,51,52,53,0,19,45,17,11,11,11,42,65,41,33,0,49,4,2,13,13,13,42,34,51,53,0,1,19,17,11,11,11,42,64,65,33,0,6,49,2,13,13,13,42,34,53,54,0,1,17,46,11,11,11,42,63,64,33,0,7,6,2,14,14,14,42,34,54,55,0,1,46,15,11,11,11,42,62,63,33,0,48,7,2,11,11,11,42,34,55,56,0,1,15,14,11,11,11,42,61,62,33,0,9,48,2,11,11,11,42,34,56,57,0,1,14,13,14,14,14,42,60,61,33,0,10,9,2,11,11,11,42,33,34,57,0,2,1,13,15,15,15,42,59,60,33,0,11,10,2,11,11,11,42,33,57,58,0,2,13,47,13,13,13,42,58,59,33,0,47,11,2,14,14,14,43,24,23,48,47,0,24,23,43,24,16,16,16,16,43,25,24,47,46,0,25,24,24,25,17,17,17,17,43,23,22,49,48,0,23,22,44,43,18,18,18,18,43,26,25,46,45,0,26,25,25,26,19,19,19,19,43,22,21,50,49,0,22,21,21,44,20,20,20,20,43,27,26,45,44,0,27,26,26,42,21,21,21,21,43,21,20,37,50,0,21,20,39,21,22,22,22,22,43,28,27,44,43,0,28,27,42,28,23,23,23,23,43,20,32,38,37,0,20,32,40,39,24,24,24,24,43,3,28,43,42,0,3,28,28,41,25,25,25,25,43,39,38,32,31,0,31,40,32,31,26,26,26,26,43,4,3,42,41,0,4,3,41,4,27,27,27,27,43,31,0,40,39,0,31,0,0,31,28,28,28,28,43,5,4,41,65,0,5,4,4,49,29,29,29,29,43,0,19,51,40,0,0,19,19,0,30,30,30,30,43,6,5,65,64,0,6,5,49,6,31,31,31,31,43,52,51,19,18,0,45,19,19,18,32,32,32,32,43,7,6,64,63,0,7,6,6,7,33,33,33,33,43,18,17,53,52,0,18,17,17,45,34,34,34,34,43,8,7,63,62,0,8,7,7,48,35,35,35,35,43,17,16,54,53,0,17,16,46,17,36,36,36,36,43,9,8,62,61,0,9,8,48,9,37,37,37,37,43,16,15,55,54,0,16,15,15,46,38,38,38,38,43,10,9,61,60,0,10,9,9,10,39,39,39,39,43,15,14,56,55,0,15,14,14,15,40,40,40,40,43,11,10,60,59,0,11,10,10,11,41,41,41,41,43,14,13,57,56,0,14,13,13,14,42,42,42,42,43,12,11,59,58,0,12,11,11,47,43,43,43,43,43,13,12,58,57,0,13,12,47,13,44,44,44,44],
    "uvs":[[0.847712,0.354094,0.925056,0.00987197,0.925056,0.954679,0.788835,0.566764,0.794596,0.571385,0.800847,0.574231,0.807349,0.575191,0.81385,0.574231,0.820102,0.571385,0.825864,0.566764,0.830914,0.560545,0.835058,0.552967,0.838138,0.544321,0.840034,0.53494,0.840674,0.525184,0.840034,0.515428,0.838138,0.506047,0.835058,0.497401,0.833445,0.494451,0.831876,0.491582,0.780608,0.495632,0.77964,0.497401,0.77656,0.506047,0.774664,0.515428,0.774024,0.525184,0.774664,0.53494,0.77656,0.544321,0.77964,0.552966,0.783785,0.560544,0.295431,0.954679,0.295431,0.00987197,0.765444,0.354094,0.781549,0.49391,0.946931,0.954679,0.946931,0.00987197,0.925056,0.989849,0.295431,0.989849,0.270431,0.954679,0.270431,0.00987197,0.78074,0.495391,0.781549,0.49391,0.788835,0.566764,0.77964,0.552967,0.774664,0.515428,0.77656,0.506047,0.833225,0.49405,0.838138,0.506047,0.838138,0.544321,0.820102,0.571385,0.800847,0.57423]]
}