{
    "materials":[{
        "colorDiffuse":[0.64,0.64,0.64],
        "depthWrite":true,
        "mapDiffuseWrap":["repeat","repeat"],
        "depthTest":true,
        "blending":1,
        "DbgName":"Material.002",
        "doubleSided":false,
        "shading":"phong",
        "mapDiffuse":"../texture/walls.jpg",
        "specularCoef":1,
        "wireframe":false,
        "visible":true,
        "mapDiffuseRepeat":[1,1],
        "colorEmissive":[0,0,0],
        "transparent":false,
        "mapDiffuseAnisotropy":1,
        "opacity":1,
        "DbgIndex":0,
        "colorSpecular":[0.25,0.25,0.25],
        "DbgColor":15658734
    }],
    "normals":[-1,0,-1.25483e-07,-0.707107,0,-0.707107,1,0,1.19209e-07,-0.707107,0,0.707107,0,-1,4.37114e-08,0,1,-6.1133e-08],
    "metadata":{
        "materials":1,
        "normals":6,
        "generator":"io_three",
        "version":3,
        "vertices":8,
        "uvs":1,
        "type":"Geometry",
        "faces":6
    },
    "vertices":[1.9,8.30516e-08,1.9,1.9,1.09291,1.9,1.9,-8.30516e-08,-1.9,1.9,1.09291,-1.9,2,8.74228e-08,2,2,1.09291,2,2,-8.74228e-08,-2,2,1.09291,-2],
    "uvs":[[4.64213,1.23289,-3.64213,1.23289,-3.64213,-0.451884,4.64213,-0.451885,-3.64213,1.26531,-3.86014,1.41946,-3.86014,-0.265308,-3.64213,-0.419462,4.86014,1.41946,4.86014,-0.265308,4.64213,1.26531,4.64213,-0.419463,4.98162,1.37313,-3.73865,1.37313,-3.52065,1.24446,4.76362,1.24446]],
    "faces":[43,2,0,1,3,0,2,3,0,1,0,0,0,0,43,3,7,6,2,0,4,5,6,7,1,1,1,1,43,7,5,4,6,0,5,8,9,6,2,2,2,2,43,0,4,5,1,0,11,9,8,10,3,3,3,3,43,0,2,6,4,0,11,7,6,9,4,4,4,4,43,5,7,3,1,0,12,13,14,15,5,5,5,5]
}