{
    "normals":[-1,0,0,-0.707107,0,0.707107,4.11066e-08,1,-8.22133e-08,-4.90029e-14,-1,4.37114e-08,1,-0,0,0,-5.45374e-08,-1,-4.11067e-08,1,-8.22133e-08,-0.707107,0,-0.707107,4.90029e-14,-1,4.37114e-08,0,5.45374e-08,1],
    "vertices":[1.9,1.09291,1.9,1.9,1.09291,0.5,1.9,2.18557e-08,0.5,1.9,8.30516e-08,1.9,2,1.09291,2,2,8.74228e-08,2,2,1.09291,0.5,2,2.18557e-08,0.5,1.9,1.09291,-0.5,1.9,1.09291,-1.9,1.9,-8.30516e-08,-1.9,1.9,-2.18557e-08,-0.5,2,1.09291,-0.5,2,1.09291,-2,2,-8.74228e-08,-2,2,-2.18557e-08,-0.5],
    "metadata":{
        "type":"Geometry",
        "normals":10,
        "generator":"io_three",
        "vertices":16,
        "version":3,
        "faces":12,
        "materials":1,
        "uvs":1
    },
    "materials":[{
        "shading":"phong",
        "specularCoef":50,
        "mapDiffuse":"../texture/concrete.jpg",
        "mapDiffuseAnisotropy":1,
        "visible":true,
        "transparent":false,
        "colorSpecular":[0.5,0.5,0.5],
        "DbgColor":15658734,
        "depthTest":true,
        "colorDiffuse":[0.64,0.64,0.64],
        "mapDiffuseRepeat":[1,1],
        "mapDiffuseWrap":["repeat","repeat"],
        "colorEmissive":[0,0,0],
        "DbgIndex":0,
        "wireframe":false,
        "DbgName":"Material.003",
        "doubleSided":false,
        "blending":1,
        "opacity":1,
        "depthWrite":true
    }],
    "faces":[43,0,1,2,3,0,0,1,2,3,0,0,0,0,43,4,0,3,5,0,0,4,5,3,1,1,1,1,43,1,0,4,6,0,8,9,6,7,2,2,2,2,43,3,2,7,5,0,0,1,10,3,3,3,3,3,43,6,4,5,7,0,11,4,5,12,4,4,4,4,43,1,6,7,2,0,0,0,0,0,5,5,5,5,43,8,9,10,11,0,13,4,5,14,0,0,0,0,43,12,13,9,8,0,15,16,17,18,6,6,6,6,43,9,13,14,10,0,0,4,5,3,7,7,7,7,43,11,10,14,15,0,13,4,5,12,8,8,8,8,43,13,12,15,14,0,0,19,10,3,4,4,4,4,43,11,15,12,8,0,0,0,0,0,9,9,9,9],
    "uvs":[[0,0,0.368421,0,0.368421,1,0,1,1,0,1,1,0,0.514468,0.375,0.514468,0.375099,0.485532,0.0253767,0.485532,0.375,1,0.625,0,0.625,1,0.631579,0,0.631579,1,0.625,0.514468,1,0.514468,0.974623,0.485532,0.624901,0.485532,0.375,0]]
}