{
    "normals":[-1,-0,0,-0.707107,0,-0.707107,1,-0,0,-0.707107,0,0.707107,0,-1,4.37114e-08,0,1,-6.1133e-08],
    "vertices":[1.9,8.30516e-08,1.9,1.9,1.09291,1.9,1.9,-8.30516e-08,-1.9,1.9,1.09291,-1.9,2,8.74228e-08,2,2,1.09291,2,2,-8.74228e-08,-2,2,1.09291,-2],
    "metadata":{
        "type":"Geometry",
        "normals":6,
        "generator":"io_three",
        "vertices":8,
        "version":3,
        "faces":6,
        "materials":1,
        "uvs":1
    },
    "materials":[{
        "shading":"phong",
        "specularCoef":2,
        "mapDiffuse":"../texture/concrete.jpg",
        "mapDiffuseAnisotropy":1,
        "visible":true,
        "transparent":false,
        "colorSpecular":[0.1,0.1,0.1],
        "DbgColor":15658734,
        "depthTest":true,
        "colorDiffuse":[0.64,0.64,0.64],
        "mapDiffuseRepeat":[1,1],
        "mapDiffuseWrap":["repeat","repeat"],
        "colorEmissive":[0,0,0],
        "DbgIndex":0,
        "wireframe":false,
        "DbgName":"Material.002",
        "doubleSided":false,
        "blending":1,
        "opacity":1,
        "depthWrite":true
    }],
    "faces":[43,2,0,1,3,0,2,3,0,1,0,0,0,0,43,3,7,6,2,0,0,1,2,3,1,1,1,1,43,7,5,4,6,0,0,1,2,3,2,2,2,2,43,0,4,5,1,0,2,3,0,1,3,3,3,3,43,0,2,6,4,0,0,1,2,3,4,4,4,4,43,5,7,3,1,0,4,5,6,7,5,5,5,5],
    "uvs":[[0,0,1,0,1,1,0,1,0,0.514468,1,0.514468,0.974623,0.485532,0.0253767,0.485532]]
}