{
    "materials":[{
        "colorDiffuse":[0.64,0.64,0.64],
        "depthWrite":true,
        "mapDiffuseWrap":["repeat","repeat"],
        "depthTest":true,
        "blending":1,
        "DbgName":"Material.008",
        "doubleSided":false,
        "shading":"phong",
        "mapDiffuse":"../texture/walls.jpg",
        "specularCoef":1,
        "wireframe":false,
        "visible":true,
        "mapDiffuseRepeat":[1,1],
        "colorEmissive":[0,0,0],
        "transparent":false,
        "mapDiffuseAnisotropy":1,
        "opacity":1,
        "DbgIndex":0,
        "colorSpecular":[0.25,0.25,0.25],
        "DbgColor":15658734
    }],
    "normals":[-1,-9.28767e-15,-1.70299e-07,-0.707107,0,0.707107,4.11067e-08,1,-8.22133e-08,-2.45015e-14,-1,4.37114e-08,1,8.66849e-15,1.58946e-07,5.96046e-07,-5.45374e-08,-1,-1,0,-8.51495e-08,-4.11067e-08,1,-8.22133e-08,-0.707107,0,-0.707107,0,-1,4.37114e-08,1,0,1.58946e-07,5.96047e-07,5.45374e-08,1],
    "metadata":{
        "materials":1,
        "normals":12,
        "generator":"io_three",
        "version":3,
        "vertices":16,
        "uvs":1,
        "type":"Geometry",
        "faces":12
    },
    "vertices":[1.9,1.09291,1.9,1.9,1.09291,0.5,1.9,2.18557e-08,0.5,1.9,8.30516e-08,1.9,2,1.09291,2,2,8.74228e-08,2,2,1.09291,0.5,2,2.18557e-08,0.5,1.9,1.09291,-0.5,1.9,1.09291,-1.9,1.9,-8.30516e-08,-1.9,1.9,-2.18557e-08,-0.5,2,1.09291,-0.5,2,1.09291,-2,2,-8.74228e-08,-2,2,-2.18557e-08,-0.5],
    "uvs":[[4.64213,1.23289,1.59003,1.23289,1.59003,-0.451885,4.64213,-0.451885,4.86014,1.41946,4.64213,1.26531,4.64213,-0.419463,4.86014,-0.265308,4.98162,1.37313,1.71152,1.37313,1.71152,1.24446,4.76362,1.24446,1.59003,-0.419463,1.59003,-0.265308,1.59003,1.41946,1.59003,-0.265308,0.125956,1.55117,-0.0343245,1.55117,-0.0343245,-0.154316,0.125954,-0.154316,-0.590035,1.23289,-3.64213,1.23289,-3.64213,-0.451884,-0.590035,-0.451884,-0.468551,1.37313,-3.73865,1.37313,-3.52065,1.24446,-0.468551,1.24446,-3.64213,1.26531,-3.86014,1.41946,-3.86014,-0.265308,-3.64213,-0.419462,-0.590035,-0.419463,-0.590035,-0.265308,-0.590035,1.41946,0.125913,1.55122,-0.0343775,1.55122,-0.0343775,-0.154368,0.125911,-0.154368]],
    "faces":[43,0,1,2,3,0,0,1,2,3,0,0,0,0,43,4,0,3,5,0,4,5,6,7,1,1,1,1,43,1,0,4,6,0,10,11,8,9,2,2,2,2,43,3,2,7,5,0,6,12,13,7,3,3,3,3,43,6,4,5,7,0,14,4,7,15,4,4,4,4,43,1,6,7,2,0,16,17,18,19,5,5,5,5,43,8,9,10,11,0,20,21,22,23,6,6,6,6,43,12,13,9,8,0,24,25,26,27,7,7,7,7,43,9,13,14,10,0,28,29,30,31,8,8,8,8,43,11,10,14,15,0,32,31,30,33,9,9,9,9,43,13,12,15,14,0,29,34,33,30,10,10,10,10,43,12,8,11,15,0,35,36,37,38,11,11,11,11]
}