{
    "faces":[43,8,1,3,9,0,0,1,2,3,0,0,0,0,43,0,4,13,2,0,4,5,6,7,1,1,1,1,43,4,5,12,13,0,5,8,9,6,2,2,2,2,43,5,6,11,12,0,8,10,11,9,3,3,3,3,43,6,7,10,11,0,10,12,13,11,4,4,4,4,43,7,8,9,10,0,12,0,3,13,5,5,5,5,43,22,15,17,23,0,0,1,2,3,6,6,6,6,43,14,18,27,16,0,4,5,6,7,7,7,7,7,43,18,19,26,27,0,5,8,9,6,8,8,8,8,43,19,20,25,26,0,8,10,11,9,9,9,9,9,43,20,21,24,25,0,10,12,13,11,10,10,10,10,43,21,22,23,24,0,12,0,3,13,11,11,11,11,43,36,29,31,37,0,0,1,2,3,12,12,12,12,43,28,32,41,30,0,4,5,6,7,13,13,13,13,43,32,33,40,41,0,5,8,9,6,14,14,14,14,43,33,34,39,40,0,8,10,11,9,15,15,15,15,43,34,35,38,39,0,10,12,13,11,16,16,16,16,43,35,36,37,38,0,12,0,3,13,17,17,17,17,43,50,43,45,51,0,0,1,2,3,18,18,18,18,43,42,46,55,44,0,4,5,6,7,19,19,19,19,43,46,47,54,55,0,5,8,9,6,20,20,20,20,43,47,48,53,54,0,8,10,11,9,21,21,21,21,43,48,49,52,53,0,10,12,13,11,22,22,22,22,43,49,50,51,52,0,12,0,3,13,23,23,23,23,43,64,57,59,65,0,0,1,2,3,24,24,24,24,43,56,60,69,58,0,4,5,6,7,25,25,25,25,43,60,61,68,69,0,5,8,9,6,26,26,26,26,43,61,62,67,68,0,8,10,11,9,27,27,27,27,43,62,63,66,67,0,10,12,13,11,28,28,28,28,43,63,64,65,66,0,12,0,3,13,29,29,29,29,43,78,71,73,79,0,0,1,2,3,30,30,30,30,43,70,74,83,72,0,4,5,6,7,31,31,31,31,43,74,75,82,83,0,5,8,9,6,32,32,32,32,43,75,76,81,82,0,8,10,11,9,33,33,33,33,43,76,77,80,81,0,10,12,13,11,34,34,34,34,43,77,78,79,80,0,12,0,3,13,35,35,35,35],
    "materials":[{
        "mapDiffuseRepeat":[1,1],
        "colorEmissive":[0,0,0],
        "DbgColor":15658734,
        "shading":"phong",
        "transparent":false,
        "colorDiffuse":[0.64,0.64,0.64],
        "opacity":1,
        "DbgIndex":0,
        "mapDiffuseWrap":["repeat","repeat"],
        "wireframe":false,
        "mapDiffuse":"../../texture/suitcase.png",
        "specularCoef":50,
        "blending":1,
        "colorSpecular":[0.5,0.5,0.5],
        "DbgName":"suitcase",
        "depthWrite":true,
        "doubleSided":false,
        "mapDiffuseAnisotropy":1,
        "visible":true,
        "depthTest":true
    }],
    "metadata":{
        "materials":1,
        "faces":36,
        "version":3,
        "generator":"io_three",
        "normals":36,
        "uvs":1,
        "vertices":84,
        "type":"Geometry"
    },
    "normals":[-4.48406e-14,1,-4.37114e-08,-4.40025e-14,1,-4.37113e-08,-1.38293e-14,1,-4.37114e-08,-1.38293e-14,1,-4.37114e-08,3.77165e-14,1,-4.37115e-08,-7.54328e-14,1,-4.37114e-08,8.38143e-15,1,-4.37114e-08,-1.84391e-14,1,-4.37114e-08,1.34103e-14,1,-4.37114e-08,-1.34103e-14,1,-4.37114e-08,-1.1734e-14,1,-4.37114e-08,-3.35257e-15,1,-4.37114e-08,-1.34103e-14,1,-4.37114e-08,1.00577e-14,1,-4.37114e-08,-1.34103e-14,1,-4.37114e-08,6.70513e-15,1,-4.37114e-08,-1.34103e-14,1,-4.37114e-08,6.70514e-15,1,-4.37114e-08,-5.02885e-15,1,-4.37114e-08,0,1,-4.37114e-08,1.67628e-15,1,-4.37114e-08,1.67629e-15,1,-4.37114e-08,-1.67628e-15,1,-4.37114e-08,0,1,-4.37114e-08,7.12421e-15,1,-4.37114e-08,-3.77164e-15,1,-4.37114e-08,-4.60978e-15,1,-4.37114e-08,1.67629e-15,1,-4.37114e-08,2.51443e-15,1,-4.37114e-08,3.77164e-15,1,-4.37114e-08,-3.35257e-15,1,-4.37114e-08,6.70514e-15,1,-4.37114e-08,-3.35257e-15,1,-4.37114e-08,6.70513e-15,1,-4.37114e-08,-5.69937e-14,1,-4.37114e-08,4.02308e-14,1,-4.37114e-08],
    "uvs":[[0.40988,0.795348,0.491612,0.795348,0.491612,0.999677,0.40988,0.999677,0.00122009,0.795348,0.0829521,0.795348,0.0829521,0.999677,0.00122009,0.999677,0.164684,0.795348,0.164684,0.999677,0.246416,0.795348,0.246416,0.999677,0.328148,0.795348,0.328148,0.999677]],
    "vertices":[0.125341,-1.01427e-08,-0.232037,0.167947,-1.34242e-08,-0.307109,0.0940609,-1.09187e-08,-0.24979,0.136667,-1.42001e-08,-0.324862,0.132442,-1.06896e-08,-0.244549,0.139543,-1.12365e-08,-0.257061,0.146644,-1.17834e-08,-0.269573,0.153745,-1.23303e-08,-0.282085,0.160846,-1.28773e-08,-0.294597,0.129566,-1.36532e-08,-0.31235,0.122465,-1.31063e-08,-0.299838,0.115364,-1.25594e-08,-0.287326,0.108263,-1.20125e-08,-0.274814,0.101162,-1.14656e-08,-0.262302,0.285953,3.75779e-09,0.0859682,0.223043,1.17422e-09,0.0268631,0.261326,4.90356e-09,0.11218,0.198416,2.32e-09,0.0530753,0.275468,3.32719e-09,0.0761173,0.264983,2.8966e-09,0.0662665,0.254498,2.46601e-09,0.0564156,0.244013,2.03541e-09,0.0465648,0.233528,1.60482e-09,0.0367139,0.208901,2.75059e-09,0.0629262,0.219386,3.18118e-09,0.072777,0.229871,3.61178e-09,0.0826279,0.240356,4.04237e-09,0.0924787,0.250841,4.47297e-09,0.10233,0.0579241,4.73207e-09,0.108257,-0.0283151,4.8946e-09,0.111975,0.0594734,6.30275e-09,0.14419,-0.0267659,6.46528e-09,0.147908,0.0435509,4.75916e-09,0.108877,0.0291777,4.78625e-09,0.109497,0.0148045,4.81334e-09,0.110116,0.000431273,4.84043e-09,0.110736,-0.0139419,4.86751e-09,0.111356,-0.0123927,6.43819e-09,0.147289,0.00198056,6.4111e-09,0.146669,0.0163537,6.38401e-09,0.146049,0.030727,6.35692e-09,0.145429,0.0451002,6.32984e-09,0.14481,0.113255,-2.67277e-10,-0.00611458,0.059904,-3.23343e-09,-0.0739723,0.0849814,7.04411e-10,0.0161151,0.0316301,-2.26174e-09,-0.0517427,0.104363,-7.61636e-10,-0.0174242,0.0954716,-1.25599e-09,-0.0287338,0.0865797,-1.75035e-09,-0.0400434,0.0776878,-2.24471e-09,-0.0513531,0.0687959,-2.73907e-09,-0.0626627,0.040522,-1.76739e-09,-0.0404331,0.0494138,-1.27303e-09,-0.0291234,0.0583057,-7.78667e-10,-0.0178138,0.0671976,-2.84307e-10,-0.00650419,0.0760895,2.10052e-10,0.00480543,-0.159644,-1.23579e-09,-0.0282716,-0.1414,2.45211e-09,0.0560976,-0.124491,-1.56808e-09,-0.0358736,-0.106246,2.11981e-09,0.0484956,-0.156604,-6.21141e-10,-0.01421,-0.153563,-6.49147e-12,-0.000148505,-0.150522,6.08157e-10,0.013913,-0.147481,1.22281e-09,0.0279746,-0.14444,1.83746e-09,0.0420361,-0.109287,1.50516e-09,0.0344341,-0.112328,8.90513e-10,0.0203726,-0.115368,2.75864e-10,0.00631104,-0.118409,-3.38785e-10,-0.00775051,-0.12145,-9.53435e-10,-0.021812,-0.0358757,-4.5329e-09,-0.103701,0.0468083,-5.61638e-09,-0.128488,-0.0462036,-6.03883e-09,-0.138152,0.0364804,-7.1223e-09,-0.162939,-0.0220951,-4.71348e-09,-0.107832,-0.00831441,-4.89406e-09,-0.111963,0.00546626,-5.07464e-09,-0.116094,0.0192469,-5.25522e-09,-0.120225,0.0330276,-5.4358e-09,-0.124357,0.0226997,-6.94172e-09,-0.158808,0.00891904,-6.76114e-09,-0.154677,-0.00486162,-6.58056e-09,-0.150546,-0.0186423,-6.39998e-09,-0.146415,-0.0324229,-6.21941e-09,-0.142283]
}