{
    "materials":[{
        "mapDiffuseAnisotropy":1,
        "colorDiffuse":[0.64,0.64,0.64],
        "colorEmissive":[0,0,0],
        "specularCoef":50,
        "depthWrite":true,
        "opacity":1,
        "mapDiffuseWrap":["repeat","repeat"],
        "blending":1,
        "colorSpecular":[0.5,0.5,0.5],
        "wireframe":false,
        "transparent":false,
        "depthTest":true,
        "visible":true,
        "mapDiffuseRepeat":[1,1],
        "shading":"phong",
        "mapDiffuse":"../../texture/suitcase.png",
        "DbgIndex":0,
        "DbgColor":15658734,
        "DbgName":"suitcase",
        "doubleSided":false
    }],
    "faces":[43,4,5,7,6,0,0,1,2,3,0,0,0,0,43,0,1,3,2,0,0,1,2,3,1,1,1,1,43,8,9,11,10,0,0,1,2,3,2,2,2,2,43,12,13,15,14,0,0,1,2,3,3,3,3,3,43,16,17,19,18,0,0,1,2,3,4,4,4,4,43,20,21,23,22,0,0,1,2,3,5,5,5,5],
    "vertices":[0.121322,-8.70299e-09,-0.199101,0.194163,-1.43132e-08,-0.327447,0.0678446,-1.00296e-08,-0.229452,0.140686,-1.56398e-08,-0.357798,0.317013,4.26795e-09,0.0976392,0.20946,-1.4903e-10,-0.0034094,0.27491,6.22681e-09,0.142453,0.167356,1.80984e-09,0.0414042,0.087974,4.11709e-09,0.0941881,-0.0594645,4.39496e-09,0.100545,0.0906227,6.80239e-09,0.155621,-0.0568157,7.08026e-09,0.161977,0.142218,4.40404e-10,0.0100753,0.051006,-4.63067e-09,-0.105937,0.0938794,2.10165e-09,0.04808,0.00266759,-2.96943e-09,-0.0679325,-0.178591,-2.42643e-09,-0.0555103,-0.147399,3.87856e-09,0.0887311,-0.118491,-2.99454e-09,-0.068507,-0.0872989,3.31045e-09,0.0757343,-0.0615493,-3.61413e-09,-0.0826816,0.0798109,-5.46648e-09,-0.125059,-0.0792063,-6.18872e-09,-0.141581,0.0621539,-8.04108e-09,-0.183958],
    "normals":[-4.58803e-15,1,-4.37114e-08,3.05869e-15,1,-4.37114e-08,0,1,-4.37114e-08,0,1,-4.37114e-08,3.05869e-15,1,-4.37114e-08,1.52934e-15,1,-4.37114e-08],
    "uvs":[[0.00122009,0.795348,0.491612,0.795348,0.491612,0.999677,0.00122009,0.999677]],
    "metadata":{
        "materials":1,
        "faces":6,
        "vertices":24,
        "generator":"io_three",
        "normals":6,
        "type":"Geometry",
        "uvs":1,
        "version":3
    }
}