{
    "vertices":[-0.0341933,0.0653893,0.112419,-0.0244623,0.0974484,0.10905,-0.0341933,0.0653893,-0.129347,-0.0244622,0.0974484,-0.126566,0.0320495,0.0653893,0.112419,0.0223185,0.0974484,0.10905,0.0320495,0.0653893,-0.129347,0.0223185,0.0974484,-0.126566,-0.0689804,0.0326688,0.112419,-0.0592494,0.0647278,0.10905,-0.0689804,0.0326687,-0.129347,-0.0592494,0.0647278,-0.126566,-0.0027376,0.0326688,0.112419,-0.0124686,0.0647278,0.10905,-0.00273759,0.0326687,-0.129347,-0.0124686,0.0647278,-0.126566,0.000249453,0.0326688,0.112419,0.00998047,0.0647278,0.10905,0.000249468,0.0326687,-0.129347,0.00998048,0.0647278,-0.126566,0.0664922,0.0326688,0.112419,0.0567612,0.0647278,0.10905,0.0664923,0.0326687,-0.129347,0.0567612,0.0647278,-0.126566,0.0349566,-5.18064e-05,0.112419,0.0446877,0.0320073,0.10905,0.0349566,-5.1817e-05,-0.129347,0.0446877,0.0320073,-0.126566,0.101199,-5.18064e-05,0.112419,0.0914684,0.0320073,0.10905,0.101199,-5.1817e-05,-0.129347,0.0914684,0.0320073,-0.126566,-0.0345375,-5.18064e-05,0.112419,-0.0248065,0.0320073,0.10905,-0.0345375,-5.1817e-05,-0.129347,-0.0248065,0.0320073,-0.126566,0.0317053,-5.18064e-05,0.112419,0.0219743,0.0320073,0.10905,0.0317053,-5.1817e-05,-0.129347,0.0219743,0.0320073,-0.126566,-0.103121,-5.18064e-05,0.112419,-0.0933904,0.0320073,0.10905,-0.103121,-5.1817e-05,-0.129347,-0.0933904,0.0320073,-0.126566,-0.0368786,-5.18064e-05,0.112419,-0.0466096,0.0320073,0.10905,-0.0368786,-5.1817e-05,-0.129347,-0.0466096,0.0320073,-0.126566],
    "uvs":[[0.150161,0.755851,0.947463,0.755852,0.893602,0.807103,0.0560633,0.807103,0.947463,0.509469,0.893602,0.458218,0.150161,0.509469,0.0560634,0.458218]],
    "normals":[-0.956891,0.290449,-7.82463e-08,0,0.0864377,-0.996257,0.956891,0.290449,4.18527e-08,0,0.104493,0.994526,0,-1,6.16346e-08,0,1,-6.32434e-08,-0.956891,0.290449,-1.05541e-07,0,0.0864377,-0.996257,0.956891,0.290449,4.36723e-08,0,0.104493,0.994526,0,-1,4.6226e-08,0,1,-6.32434e-08,-0.956891,0.290449,-7.64266e-08,0,0.104493,0.994526,-0.956891,0.290449,-1.09181e-08,0,0.0864377,-0.996257,0.956891,0.290449,-1.09181e-08,0,0.104493,0.994526,0,-1,4.3713e-08,0,1,-3.16217e-08,-0.956891,0.290449,-7.09675e-08,0.956891,0.290449,4.73117e-08,-0.956891,0.290449,-1.01902e-07,0,0.104493,0.994526],
    "materials":[{
        "shading":"phong",
        "colorDiffuse":[0.64,0.64,0.64],
        "doubleSided":false,
        "opacity":1,
        "transparent":false,
        "depthWrite":true,
        "blending":1,
        "colorEmissive":[0,0,0],
        "mapDiffuseRepeat":[1,1],
        "mapDiffuse":"../../texture/gold-texture.jpg",
        "DbgColor":15658734,
        "DbgName":"Material.007",
        "specularCoef":50,
        "mapDiffuseAnisotropy":1,
        "DbgIndex":0,
        "mapDiffuseWrap":["repeat","repeat"],
        "depthTest":true,
        "wireframe":false,
        "visible":true,
        "colorSpecular":[0.5,0.5,0.5]
    }],
    "metadata":{
        "version":3,
        "normals":24,
        "materials":1,
        "faces":36,
        "type":"Geometry",
        "uvs":1,
        "vertices":48,
        "generator":"io_three"
    },
    "faces":[43,2,0,1,3,0,2,3,0,1,0,0,0,0,43,3,7,6,2,0,1,4,5,2,1,1,1,1,43,7,5,4,6,0,4,6,7,5,2,2,2,2,43,0,4,5,1,0,3,7,6,0,3,3,3,3,43,0,2,6,4,0,3,2,5,7,4,4,4,4,43,5,7,3,1,0,6,4,1,0,5,5,5,5,43,9,11,10,8,0,0,1,2,3,6,6,6,6,43,11,15,14,10,0,1,4,5,2,7,7,7,7,43,15,13,12,14,0,4,6,7,5,8,8,8,8,43,13,9,8,12,0,6,0,3,7,9,9,9,9,43,8,10,14,12,0,3,2,5,7,10,10,10,10,43,13,15,11,9,0,6,4,1,0,11,11,11,11,43,17,19,18,16,0,0,1,2,3,12,12,12,12,43,19,23,22,18,0,1,4,5,2,1,1,1,1,43,23,21,20,22,0,4,6,7,5,8,8,8,8,43,21,17,16,20,0,6,0,3,7,13,13,13,13,43,16,18,22,20,0,3,2,5,7,10,10,10,10,43,21,23,19,17,0,6,4,1,0,11,11,11,11,43,25,27,26,24,0,0,1,2,3,14,14,14,14,43,27,31,30,26,0,1,4,5,2,15,15,15,15,43,31,29,28,30,0,4,6,7,5,16,16,16,16,43,29,25,24,28,0,6,0,3,7,17,17,17,17,43,24,26,30,28,0,3,2,5,7,18,18,18,18,43,29,31,27,25,0,6,4,1,0,19,19,19,19,43,33,35,34,32,0,0,1,2,3,20,20,20,20,43,35,39,38,34,0,1,4,5,2,15,15,15,15,43,39,37,36,38,0,4,6,7,5,21,21,21,21,43,37,33,32,36,0,6,0,3,7,17,17,17,17,43,32,34,38,36,0,3,2,5,7,18,18,18,18,43,37,39,35,33,0,6,4,1,0,19,19,19,19,43,41,43,42,40,0,0,1,2,3,22,22,22,22,43,43,47,46,42,0,1,4,5,2,15,15,15,15,43,47,45,44,46,0,4,6,7,5,21,21,21,21,43,45,41,40,44,0,6,0,3,7,23,23,23,23,43,40,42,46,44,0,3,2,5,7,18,18,18,18,43,45,47,43,41,0,6,4,1,0,19,19,19,19]
}