{
    "faces":[43,32,1,3,33,0,0,1,2,3,0,0,0,0,43,33,3,5,34,0,3,2,4,5,1,1,1,1,43,34,5,7,35,0,5,4,6,7,2,2,2,2,43,35,7,9,36,0,7,6,8,9,3,3,3,3,43,36,9,11,37,0,9,8,10,11,4,4,4,4,43,37,11,13,38,0,11,10,12,13,5,5,5,5,43,38,13,15,39,0,13,12,14,15,6,6,6,6,43,39,15,17,40,0,15,14,16,17,7,7,7,7,43,40,17,19,41,0,17,16,18,19,8,8,8,8,43,41,19,21,42,0,19,18,20,21,9,9,9,9,43,42,21,23,43,0,21,20,22,23,10,10,10,10,43,43,23,25,44,0,24,25,26,27,11,11,11,11,43,44,25,27,45,0,27,26,28,29,12,12,12,12,43,45,27,29,46,0,29,28,30,31,13,13,13,13,42,5,3,1,0,47,32,33,14,14,14,42,1,31,29,0,33,34,35,15,15,15,42,29,27,25,0,35,36,37,16,16,16,42,25,23,21,0,37,38,39,16,16,16,42,21,19,17,0,39,40,41,17,17,17,42,17,15,13,0,41,42,43,18,18,18,42,13,11,9,0,43,44,45,19,19,19,42,9,7,5,0,45,46,47,19,19,19,42,5,1,29,0,47,33,35,20,20,20,42,29,25,21,0,35,37,39,21,21,21,42,21,17,13,0,39,41,43,20,20,20,42,13,9,5,0,43,45,47,16,16,16,42,5,29,21,0,47,35,39,22,22,22,42,21,13,5,0,39,43,47,22,22,22,43,47,31,1,32,0,48,49,1,0,23,23,23,23,43,46,29,31,47,0,31,30,49,48,24,24,24,24,43,28,46,47,30,0,50,31,48,51,25,25,25,25,43,32,0,30,47,0,0,52,51,48,26,26,26,26,43,26,45,46,28,0,53,29,31,50,27,27,27,27,43,24,44,45,26,0,54,27,29,53,28,28,28,28,43,22,43,44,24,0,55,24,27,54,29,29,29,29,43,20,42,43,22,0,56,21,23,57,30,30,30,30,43,18,41,42,20,0,58,19,21,56,31,31,31,31,43,16,40,41,18,0,59,17,19,58,32,32,32,32,43,14,39,40,16,0,60,15,17,59,33,33,33,33,43,12,38,39,14,0,61,13,15,60,34,34,34,34,43,10,37,38,12,0,62,11,13,61,35,35,35,35,43,8,36,37,10,0,63,9,11,62,36,36,36,36,43,6,35,36,8,0,64,7,9,63,37,37,37,37,43,4,34,35,6,0,65,5,7,64,38,38,38,38,43,2,33,34,4,0,66,3,5,65,39,39,39,39,43,0,32,33,2,0,52,0,3,66,40,40,40,40],
    "normals":[0.182377,0.916871,0.355087,0.519366,0.777285,0.355087,0.777286,0.519365,0.355087,0.916871,0.182377,0.355087,0.916871,-0.182377,0.355087,0.777286,-0.519365,0.355087,0.519366,-0.777285,0.355087,0.182377,-0.916871,0.355087,-0.182377,-0.916871,0.355086,-0.519366,-0.777285,0.355086,-0.777286,-0.519366,0.355086,-0.916871,-0.182377,0.355086,-0.916871,0.182377,0.355086,-0.777286,0.519366,0.355086,3.53399e-07,1.77665e-06,1,3.534e-07,-1.77666e-06,1,0,0,1,3.53398e-07,1.77665e-06,1,3.53398e-07,-1.77665e-06,1,0,0,1,-3.82516e-07,-8.83108e-14,1,0,-0,1,-3.82516e-07,0,1,-0.182378,0.916871,0.355087,-0.519366,0.777286,0.355086,-0.293372,0.439062,0.84921,-0.103019,0.517909,0.84921,-0.439062,0.293372,0.84921,-0.517909,0.103019,0.84921,-0.517909,-0.103019,0.84921,-0.439062,-0.293372,0.84921,-0.293372,-0.439062,0.84921,-0.103019,-0.517909,0.84921,0.103018,-0.517909,0.84921,0.293372,-0.439062,0.84921,0.439062,-0.293372,0.84921,0.517909,-0.103019,0.84921,0.517909,0.103019,0.84921,0.439062,0.293372,0.84921,0.293372,0.439062,0.84921,0.103019,0.517909,0.84921],
    "materials":[{
        "colorEmissive":[0,0,0],
        "blending":1,
        "DbgName":"Material.006",
        "mapDiffuseWrap":["repeat","repeat"],
        "visible":true,
        "transparent":false,
        "mapDiffuseAnisotropy":1,
        "depthTest":true,
        "colorDiffuse":[0.64,0.64,0.64],
        "mapDiffuse":"../../texture/steel.jpg",
        "mapDiffuseRepeat":[1,1],
        "specularCoef":50,
        "shading":"phong",
        "doubleSided":false,
        "opacity":1,
        "DbgIndex":0,
        "colorSpecular":[0.5,0.5,0.5],
        "wireframe":false,
        "depthWrite":true,
        "DbgColor":15658734
    }],
    "metadata":{
        "faces":46,
        "materials":1,
        "vertices":48,
        "generator":"io_three",
        "version":3,
        "normals":41,
        "type":"Geometry",
        "uvs":1
    },
    "uvs":[[0.403526,0.734136,0.408026,0.80308,0.373389,0.803379,0.369579,0.734512,0.338752,0.803678,0.335632,0.734888,0.304115,0.803976,0.301685,0.735264,0.269478,0.804275,0.267739,0.735641,0.234842,0.804573,0.233792,0.736017,0.200205,0.804872,0.199845,0.736393,0.165568,0.805171,0.165898,0.736769,0.130931,0.805469,0.131952,0.737145,0.0962939,0.805768,0.0980049,0.737522,0.0616569,0.806066,0.0640581,0.737898,0.0270199,0.806365,0.0301114,0.738274,0.573259,0.732255,0.581211,0.801588,0.546574,0.801886,0.539313,0.732631,0.511937,0.802185,0.505366,0.733007,0.4773,0.802483,0.471419,0.733383,0.214042,0.867124,0.198565,0.871392,0.183087,0.867124,0.169966,0.854972,0.161199,0.836785,0.15812,0.815332,0.161199,0.793879,0.169966,0.775692,0.183087,0.763539,0.198565,0.759272,0.214042,0.763539,0.227163,0.775692,0.235931,0.793879,0.239009,0.815332,0.235931,0.836785,0.227163,0.854972,0.437472,0.733759,0.442663,0.802782,0.463066,0.680051,0.430106,0.680058,0.397146,0.680065,0.496027,0.680045,0.528987,0.680037,0.561948,0.680031,0.0675427,0.680134,0.0345822,0.680141,0.100503,0.680128,0.133463,0.680121,0.166424,0.680114,0.199384,0.680107,0.232344,0.6801,0.265305,0.680093,0.298265,0.680086,0.331226,0.680079,0.364186,0.680072]],
    "vertices":[1.01293e-07,0.089,0.0484761,9.29325e-08,0.0275458,0.103945,0.0340589,0.0822253,0.0484761,0.0105414,0.025449,0.103945,0.0629326,0.0629325,0.0484761,0.0194779,0.0194778,0.103945,0.0822254,0.0340588,0.0484761,0.0254491,0.0105413,0.103945,0.0890001,-3.90425e-08,0.0484761,0.0275459,-2.71891e-08,0.103945,0.0822254,-0.0340589,0.0484761,0.0254491,-0.0105414,0.103945,0.0629326,-0.0629326,0.0484761,0.0194779,-0.0194779,0.103945,0.0340589,-0.0822254,0.0484761,0.0105414,-0.0254491,0.103945,1.14732e-07,-0.0890001,0.0484761,9.70918e-08,-0.0275459,0.103945,-0.0340587,-0.0822254,0.0484761,-0.0105412,-0.0254491,0.103945,-0.0629324,-0.0629326,0.0484761,-0.0194777,-0.0194779,0.103945,-0.0822252,-0.0340589,0.0484761,-0.0254489,-0.0105414,0.103945,-0.0889999,-3.37377e-08,0.0484761,-0.0275457,-2.55472e-08,0.103945,-0.0822252,0.0340588,0.0484761,-0.0254489,0.0105413,0.103945,-0.0629324,0.0629325,0.0484761,-0.0194777,0.0194778,0.103945,-0.0340587,0.0822253,0.0484761,-0.0105412,0.025449,0.103945,9.78436e-08,0.0366671,0.0803924,0.014032,0.033876,0.0803924,0.0259277,0.0259276,0.0803924,0.0338761,0.0140319,0.0803924,0.0366673,-3.01139e-08,0.0803924,0.0338761,-0.0140319,0.0803924,0.0259277,-0.0259276,0.0803924,0.014032,-0.0338761,0.0803924,1.0338e-07,-0.0366672,0.0803924,-0.0140318,-0.0338761,0.0803924,-0.0259275,-0.0259276,0.0803924,-0.0338759,-0.0140319,0.0803924,-0.036667,-2.79284e-08,0.0803924,-0.0338759,0.0140319,0.0803924,-0.0259275,0.0259276,0.0803924,-0.0140318,0.033876,0.0803924]
}