{
    "metadata":{
        "vertices":44,
        "version":3,
        "generator":"io_three",
        "faces":63,
        "uvs":1,
        "type":"Geometry",
        "materials":1,
        "normals":31
    },
    "vertices":[-0.964493,0.928827,0.0546543,-0.964493,0.928827,-0.0546544,-0.964493,0.0564996,-0.0546544,-0.964493,0.0564996,0.0546543,0.00787783,0.928827,0.0546543,0.00787783,0.0564996,0.0546543,0.00787783,0.928827,-0.0546544,0.00787783,0.0564996,-0.0546544,0.00787783,0.360255,0.0480832,0.00787783,0.608375,0.0480832,0.00787783,0.814745,0.0480832,0.00787783,0.814745,-0.0480834,0.00787783,0.153886,0.0480832,0.00787783,0.360255,-0.0480833,0.00787783,0.153886,-0.0480833,0.00787783,0.608375,-0.0480834,0.0190004,0.360255,-0.045871,0.0190004,0.153886,-0.045871,0.0190004,0.360255,0.0458708,0.0351081,0.360255,0.035108,0.0458709,0.360255,0.0190003,0.0496503,0.360255,-1.19992e-07,0.0458709,0.360255,-0.0190005,0.0351081,0.360255,-0.0351082,0.0351081,0.153886,-0.0351082,0.0458709,0.153886,-0.0190005,0.0496503,0.153886,-1.10971e-07,0.0458709,0.153886,0.0190003,0.0351081,0.153886,0.035108,0.0190004,0.153886,0.0458708,0.0190004,0.814745,-0.045871,0.0190004,0.608375,-0.045871,0.0190004,0.814745,0.0458708,0.0351081,0.814745,0.0351079,0.0458709,0.814745,0.0190002,0.0496503,0.814745,-1.39858e-07,0.0458709,0.814745,-0.0190005,0.0351081,0.814745,-0.0351082,0.0351081,0.608375,-0.0351082,0.0458709,0.608375,-0.0190005,0.0496503,0.608375,-1.30838e-07,0.0458709,0.608375,0.0190003,0.0351081,0.608375,0.035108,0.0190004,0.608375,0.0458708],
    "faces":[43,0,1,2,3,0,0,1,2,3,0,0,0,0,43,4,0,3,5,0,4,0,3,5,1,1,1,1,43,1,0,4,6,0,1,0,4,6,2,2,2,2,43,1,6,7,2,0,1,6,7,2,3,3,3,3,43,3,2,7,5,0,3,2,7,5,4,4,4,4,42,10,11,6,0,10,11,6,5,5,5,42,5,12,8,0,5,12,8,6,6,6,42,10,6,4,0,10,6,4,6,6,6,42,5,8,9,0,5,8,9,6,6,6,42,9,10,4,0,9,10,4,6,6,6,42,9,4,5,0,9,4,5,6,6,6,42,9,8,13,0,9,8,13,7,7,7,42,14,12,5,0,14,12,5,6,6,6,42,15,9,13,0,15,9,13,7,7,7,42,14,5,7,0,14,5,7,7,7,7,42,15,13,14,0,15,13,14,6,6,6,42,6,11,15,0,6,11,15,6,6,6,42,14,7,6,0,14,7,6,8,8,8,42,14,6,15,0,14,6,15,9,9,9,43,13,16,17,14,0,16,17,18,19,10,10,10,10,42,13,8,18,0,16,20,21,2,2,2,42,18,19,20,0,21,22,23,2,2,2,42,20,21,22,0,23,24,25,11,11,11,42,22,23,16,0,25,26,17,2,2,2,42,16,13,18,0,17,16,21,12,12,12,42,18,20,22,0,21,23,25,11,11,11,42,18,22,16,0,21,25,17,11,11,11,43,17,16,23,24,0,18,17,26,27,13,13,13,13,42,12,14,17,0,33,19,18,14,14,14,42,17,24,25,0,18,27,28,15,15,15,42,25,26,27,0,28,29,30,16,16,16,42,27,28,29,0,30,31,32,15,15,15,42,29,12,17,0,32,33,18,15,15,15,42,17,25,27,0,18,28,30,16,16,16,42,17,27,29,0,18,30,32,16,16,16,43,12,29,18,8,0,33,32,21,20,17,17,17,17,43,28,19,18,29,0,31,22,21,32,18,18,18,18,43,27,20,19,28,0,30,23,22,31,19,19,19,19,43,26,21,20,27,0,29,24,23,30,20,20,20,20,43,25,22,21,26,0,28,25,24,29,21,21,21,21,43,24,23,22,25,0,27,26,25,28,22,22,22,22,43,11,30,31,15,0,34,35,36,37,23,23,23,23,42,11,10,32,0,34,38,39,2,2,2,42,32,33,34,0,39,40,41,2,2,2,42,34,35,36,0,41,42,43,11,11,11,42,36,37,30,0,43,44,35,2,2,2,42,30,11,32,0,35,34,39,12,12,12,42,32,34,36,0,39,41,43,11,11,11,42,32,36,30,0,39,43,35,11,11,11,43,31,30,37,38,0,36,35,44,45,24,24,24,24,42,9,15,31,0,51,37,36,14,14,14,42,31,38,39,0,36,45,46,15,15,15,42,39,40,41,0,46,47,48,16,16,16,42,41,42,43,0,48,49,50,15,15,15,42,43,9,31,0,50,51,36,15,15,15,42,31,39,41,0,36,46,48,16,16,16,42,31,41,43,0,36,48,50,16,16,16,43,9,43,32,10,0,51,50,39,38,25,25,25,25,43,42,33,32,43,0,49,40,39,50,26,26,26,26,43,41,34,33,42,0,48,41,40,49,27,27,27,27,43,40,35,34,41,0,47,42,41,48,28,28,28,28,43,39,36,35,40,0,46,43,42,47,29,29,29,29,43,38,37,36,39,0,45,44,43,46,30,30,30,30],
    "normals":[-1,0,0,0,4.27052e-08,1,0,1,0,0,-4.27052e-08,-1,0,-1,6.81609e-08,1,0,-0,1,0,0,1,-0,0,1,0,-0,1,0,0,0.195088,-3.53643e-08,-0.980786,0,1,-0,-0,1,0,0.555568,-2.91192e-08,-0.831471,-0,-1,0,0,-1,0,0,-1,-0,0.195088,3.53643e-08,0.980786,0.555572,3.0939e-08,0.831468,0.83147,2.00194e-08,0.55557,0.980785,7.27975e-09,0.19509,0.980785,-7.27975e-09,-0.19509,0.83147,-2.00194e-08,-0.55557,0.195088,-5.32408e-08,-0.980786,0.555568,-4.54987e-08,-0.831471,0.195088,5.32408e-08,0.980786,0.555572,4.54986e-08,0.831468,0.83147,2.72992e-08,0.55557,0.980785,9.09969e-09,0.19509,0.980785,-9.09969e-09,-0.19509,0.83147,-2.72992e-08,-0.55557],
    "uvs":[[0.25067,0.0350397,0.236262,0.029081,0.838292,0.0290816,0.8527,0.0350403,0.243484,0.980594,0.845515,0.980594,0.229077,0.974635,0.831107,0.974635,0.635014,0.980236,0.463776,0.980235,0.321352,0.980235,0.308676,0.974993,0.777438,0.980236,0.622338,0.974993,0.764763,0.974993,0.4511,0.974993,0.126553,0.35409,0.124599,0.35409,0.124599,0.101443,0.126553,0.101443,0.0416155,0.35409,0.0435696,0.35409,0.0530755,0.35409,0.0673024,0.35409,0.0840842,0.35409,0.100866,0.35409,0.115093,0.35409,0.115093,0.101443,0.100866,0.101443,0.0840842,0.101443,0.0673024,0.101443,0.0530755,0.101443,0.0435696,0.101443,0.0416155,0.101443,0.126553,0.910496,0.124599,0.910496,0.124599,0.657849,0.126553,0.657849,0.0416155,0.910496,0.0435696,0.910496,0.0530755,0.910496,0.0673024,0.910496,0.0840842,0.910496,0.100866,0.910496,0.115093,0.910496,0.115093,0.657849,0.100866,0.657849,0.0840842,0.657849,0.0673024,0.657849,0.0530755,0.657849,0.0435696,0.657849,0.0416155,0.657849]],
    "materials":[{
        "visible":true,
        "colorSpecular":[0.5,0.5,0.5],
        "specularCoef":50,
        "depthWrite":true,
        "mapDiffuseWrap":["repeat","repeat"],
        "DbgIndex":0,
        "mapDiffuse":"../../texture/steel.jpg",
        "mapDiffuseRepeat":[1,1],
        "colorDiffuse":[0.64,0.64,0.64],
        "opacity":1,
        "colorEmissive":[0,0,0],
        "DbgName":"Material.006",
        "transparent":false,
        "DbgColor":15658734,
        "blending":1,
        "depthTest":true,
        "shading":"phong",
        "mapDiffuseAnisotropy":1,
        "doubleSided":false,
        "wireframe":false
    }]
}