{
    "metadata":{
        "uvs":1,
        "generator":"io_three",
        "materials":1,
        "type":"Geometry",
        "version":3,
        "normals":41,
        "vertices":48,
        "faces":46
    },
    "faces":[43,32,1,3,33,0,0,1,2,3,0,0,0,0,43,33,3,5,34,0,3,2,4,5,1,1,1,1,43,34,5,7,35,0,5,4,6,7,2,2,2,2,43,35,7,9,36,0,7,6,8,9,3,3,3,3,43,36,9,11,37,0,9,8,10,11,4,4,4,4,43,37,11,13,38,0,11,10,12,13,5,5,5,5,43,38,13,15,39,0,13,12,14,15,6,6,6,6,43,39,15,17,40,0,15,14,16,17,7,7,7,7,43,40,17,19,41,0,17,16,18,19,8,8,8,8,43,41,19,21,42,0,19,18,20,21,9,9,9,9,43,42,21,23,43,0,21,20,22,23,10,10,10,10,43,43,23,25,44,0,23,22,24,25,11,11,11,11,43,44,25,27,45,0,25,24,26,27,12,12,12,12,43,45,27,29,46,0,27,26,28,29,13,13,13,13,42,5,3,1,0,4,2,1,14,14,14,42,1,31,29,0,1,30,28,15,15,15,42,29,27,25,0,28,26,24,16,16,16,42,25,23,21,0,24,22,20,16,16,16,42,21,19,17,0,20,18,16,17,17,17,42,17,15,13,0,16,14,12,18,18,18,42,13,11,9,0,12,10,8,19,19,19,42,9,7,5,0,8,6,4,19,19,19,42,5,1,29,0,4,1,28,20,20,20,42,29,25,21,0,28,24,20,21,21,21,42,21,17,13,0,20,16,12,20,20,20,42,13,9,5,0,12,8,4,16,16,16,42,5,29,21,0,4,28,20,22,22,22,42,21,13,5,0,20,12,4,22,22,22,43,47,31,1,32,0,31,30,1,0,23,23,23,23,43,46,29,31,47,0,29,28,30,31,24,24,24,24,43,28,46,47,30,0,32,29,31,33,25,25,25,25,43,32,0,30,47,0,0,34,33,31,26,26,26,26,43,26,45,46,28,0,35,27,29,32,27,27,27,27,43,24,44,45,26,0,36,25,27,35,28,28,28,28,43,22,43,44,24,0,37,23,25,36,29,29,29,29,43,20,42,43,22,0,38,21,23,37,30,30,30,30,43,18,41,42,20,0,39,19,21,38,31,31,31,31,43,16,40,41,18,0,40,17,19,39,32,32,32,32,43,14,39,40,16,0,41,15,17,40,33,33,33,33,43,12,38,39,14,0,42,13,15,41,34,34,34,34,43,10,37,38,12,0,43,11,13,42,35,35,35,35,43,8,36,37,10,0,44,9,11,43,36,36,36,36,43,6,35,36,8,0,45,7,9,44,37,37,37,37,43,4,34,35,6,0,46,5,7,45,38,38,38,38,43,2,33,34,4,0,47,3,5,46,39,39,39,39,43,0,32,33,2,0,34,0,3,47,40,40,40,40],
    "uvs":[[0.507931,0.74779,0.507931,0.688123,0.576888,0.674406,0.599722,0.729531,0.635346,0.635346,0.677537,0.677537,0.674407,0.576887,0.729533,0.599721,0.688123,0.507931,0.74779,0.507931,0.674407,0.438974,0.729533,0.416141,0.635346,0.380516,0.677537,0.338325,0.576888,0.341455,0.599722,0.28633,0.507931,0.327739,0.507931,0.268072,0.438975,0.341455,0.416141,0.28633,0.380517,0.380516,0.338325,0.338325,0.341456,0.438974,0.28633,0.416141,0.32774,0.507931,0.268072,0.507931,0.341456,0.576887,0.28633,0.599721,0.380517,0.635346,0.338325,0.677537,0.438975,0.674406,0.416141,0.729531,0.146447,0.853553,0.308659,0.961939,0.5,1,0.0380602,0.691341,0,0.499999,0.0380602,0.308658,0.146447,0.146446,0.308658,0.0380598,0.5,0,0.691342,0.0380598,0.853553,0.146446,0.96194,0.308658,1,0.499999,0.96194,0.691341,0.853553,0.853553,0.691342,0.961939]],
    "materials":[{
        "mapDiffuse":"../../texture/lockTexture.png",
        "specularCoef":50,
        "colorEmissive":[0,0,0],
        "opacity":1,
        "blending":1,
        "colorDiffuse":[0.64,0.64,0.64],
        "doubleSided":false,
        "shading":"phong",
        "mapDiffuseWrap":["repeat","repeat"],
        "mapDiffuseRepeat":[1,1],
        "visible":true,
        "wireframe":false,
        "DbgName":"lockNumbers",
        "transparent":true,
        "DbgIndex":0,
        "depthWrite":true,
        "DbgColor":15658734,
        "depthTest":true,
        "mapDiffuseAnisotropy":1,
        "colorSpecular":[0.5,0.5,0.5]
    }],
    "normals":[0.156705,0.787808,0.595653,0.446257,0.667871,0.595653,0.667871,0.446257,0.595653,0.787808,0.156705,0.595653,0.787808,-0.156705,0.595653,0.667871,-0.446257,0.595653,0.446257,-0.667871,0.595653,0.156705,-0.787808,0.595653,-0.156705,-0.787808,0.595653,-0.446258,-0.667871,0.595652,-0.667872,-0.446258,0.595652,-0.787808,-0.156705,0.595652,-0.787808,0.156705,0.595652,-0.667872,0.446258,0.595652,3.53399e-07,1.77665e-06,1,3.534e-07,-1.77666e-06,1,0,0,1,3.53398e-07,1.77665e-06,1,3.53398e-07,-1.77665e-06,1,0,0,1,-3.82516e-07,-8.83108e-14,1,0,-0,1,-3.82516e-07,0,1,-0.156705,0.787808,0.595653,-0.446258,0.667871,0.595653,-0.138702,0.207581,0.968334,-0.0487057,0.244859,0.968335,-0.207581,0.138701,0.968335,-0.244859,0.0487055,0.968335,-0.244859,-0.0487055,0.968335,-0.207581,-0.138701,0.968335,-0.138702,-0.207581,0.968335,-0.0487056,-0.244859,0.968335,0.0487053,-0.244858,0.968335,0.138701,-0.207581,0.968335,0.207581,-0.138701,0.968335,0.244858,-0.0487055,0.968335,0.244858,0.0487055,0.968335,0.207581,0.138701,0.968335,0.138701,0.207581,0.968335,0.0487052,0.244859,0.968335],
    "vertices":[1.01293e-07,0.089,0.0531621,9.29325e-08,0.0275458,0.0784591,0.0340589,0.0822253,0.0531621,0.0105414,0.025449,0.0784591,0.0629326,0.0629325,0.0531621,0.0194779,0.0194778,0.0784591,0.0822254,0.0340588,0.0531621,0.0254491,0.0105413,0.0784591,0.0890001,-3.88377e-08,0.0531621,0.0275459,-2.83031e-08,0.0784591,0.0822254,-0.0340589,0.0531621,0.0254491,-0.0105414,0.0784591,0.0629326,-0.0629326,0.0531621,0.0194779,-0.0194779,0.0784591,0.0340589,-0.0822254,0.0531621,0.0105414,-0.0254491,0.0784591,1.14732e-07,-0.0890001,0.0531621,9.70918e-08,-0.0275459,0.0784591,-0.0340587,-0.0822254,0.0531621,-0.0105412,-0.0254491,0.0784591,-0.0629324,-0.0629326,0.0531621,-0.0194777,-0.0194779,0.0784591,-0.0822252,-0.0340589,0.0531621,-0.0254489,-0.0105414,0.0784591,-0.0889999,-3.35329e-08,0.0531621,-0.0275457,-2.66612e-08,0.0784591,-0.0822252,0.0340588,0.0531621,-0.0254489,0.0105413,0.0784591,-0.0629324,0.0629325,0.0531621,-0.0194777,0.0194778,0.0784591,-0.0340587,0.0822253,0.0531621,-0.0105412,0.025449,0.0784591,9.78436e-08,0.0366671,0.0663953,0.014032,0.033876,0.0663953,0.0259277,0.0259276,0.0663953,0.0338761,0.0140319,0.0663953,0.0366673,-3.07258e-08,0.0663953,0.0338761,-0.0140319,0.0663953,0.0259277,-0.0259276,0.0663953,0.014032,-0.0338761,0.0663953,1.0338e-07,-0.0366672,0.0663953,-0.0140318,-0.0338761,0.0663953,-0.0259275,-0.0259276,0.0663953,-0.0338759,-0.0140319,0.0663953,-0.036667,-2.85402e-08,0.0663953,-0.0338759,0.0140319,0.0663953,-0.0259275,0.0259276,0.0663953,-0.0140318,0.033876,0.0663953]
}