{
    "metadata":{
        "generator":"io_three",
        "vertices":8,
        "normals":6,
        "version":3,
        "materials":1,
        "uvs":1,
        "type":"Geometry",
        "faces":6
    },
    "materials":[{
        "visible":true,
        "specularCoef":50,
        "wireframe":false,
        "mapDiffuse":"../../texture/steel.jpg",
        "DbgIndex":0,
        "shading":"phong",
        "DbgName":"Material.006",
        "DbgColor":15658734,
        "mapDiffuseRepeat":[1,1],
        "depthTest":true,
        "opacity":1,
        "depthWrite":true,
        "colorDiffuse":[0.64,0.64,0.64],
        "doubleSided":false,
        "mapDiffuseWrap":["repeat","repeat"],
        "transparent":false,
        "mapDiffuseAnisotropy":1,
        "colorEmissive":[0,0,0],
        "blending":1,
        "colorSpecular":[0.5,0.5,0.5]
    }],
    "uvs":[[0.0741311,0.900625,0.0741311,0.450177,0.308585,0.450177,0.308585,0.900625,0.353846,0.837889,0.0288702,0.837889,0.0288703,0.512913,0.353846,0.512913]],
    "vertices":[0.660104,-5.58543e-09,-1.49137,0.660104,0.986507,-1.49137,0.660104,-2.34752e-08,-1.90064,0.660104,0.986507,-1.90064,1.76322,-5.58543e-09,-1.49137,1.76322,0.986507,-1.49137,1.76322,-2.34752e-08,-1.90064,1.76322,0.986507,-1.90064],
    "normals":[-1,-0,0,0,0,-1,1,-0,0,0,0,1,0,-1,4.37114e-08,-0,1,0],
    "faces":[43,2,0,1,3,0,2,3,0,1,0,0,0,0,43,3,7,6,2,0,0,1,2,3,1,1,1,1,43,7,5,4,6,0,0,1,2,3,2,2,2,2,43,0,4,5,1,0,2,3,0,1,3,3,3,3,43,0,2,6,4,0,0,1,2,3,4,4,4,4,43,5,7,3,1,0,4,5,6,7,5,5,5,5]
}