{
    "metadata":{
        "vertices":24,
        "version":3,
        "generator":"io_three",
        "faces":32,
        "uvs":1,
        "type":"Geometry",
        "materials":1,
        "normals":16
    },
    "vertices":[0.660104,0.986507,-1.49137,0.660104,0.986507,-1.90064,0.660104,-2.34752e-08,-1.90064,0.660104,-5.58543e-09,-1.49137,0.729579,0.924376,-1.49137,1.69374,0.924376,-1.49137,1.76322,0.986507,-1.49137,0.729579,0.062131,-1.49137,1.76322,0.986507,-1.90064,1.76322,-2.34752e-08,-1.90064,1.76322,-5.58543e-09,-1.49137,0.729579,0.062131,-1.87383,0.729579,0.481205,-1.87383,0.729579,0.481205,-1.50408,0.729579,0.505302,-1.50408,0.729579,0.505302,-1.87383,0.729579,0.924376,-1.87383,1.69374,0.924376,-1.87383,1.69374,0.062131,-1.49137,1.69374,0.062131,-1.87383,1.69374,0.481205,-1.87383,1.69374,0.505302,-1.87383,1.69374,0.505302,-1.50408,1.69374,0.481205,-1.50408],
    "faces":[43,0,1,2,3,0,0,1,2,3,0,0,0,0,42,4,5,6,0,4,5,0,1,1,1,42,3,7,4,0,2,6,4,1,1,1,42,4,6,0,0,4,0,1,2,2,2,42,4,0,3,0,4,1,2,2,2,2,43,1,0,6,8,0,9,10,7,8,3,3,3,3,43,1,8,9,2,0,0,1,2,3,4,4,4,4,43,3,2,9,10,0,0,1,2,3,5,5,5,5,42,7,11,12,0,12,2,13,6,6,6,42,15,16,4,0,16,1,11,7,7,7,42,7,12,13,0,12,13,14,7,7,7,42,14,15,4,0,15,16,11,6,6,6,42,4,7,13,0,11,12,14,6,6,6,42,4,13,14,0,11,14,15,6,6,6,43,5,4,16,17,0,17,18,9,8,8,8,8,8,42,18,7,3,0,19,6,2,1,1,1,42,10,6,5,0,3,0,5,2,2,2,42,18,3,10,0,19,2,3,9,9,9,42,10,5,18,0,3,5,19,10,10,10,43,8,6,10,9,0,0,1,2,3,11,11,11,11,43,7,18,19,11,0,11,12,2,1,12,12,12,12,43,12,11,19,20,0,20,3,2,13,1,1,1,1,43,16,15,21,17,0,0,21,16,1,1,1,1,1,42,5,17,21,0,23,0,21,0,0,0,42,20,19,18,0,20,3,22,13,13,13,42,5,21,22,0,23,21,24,0,0,0,42,23,20,18,0,25,20,22,0,0,0,42,18,5,22,0,22,23,24,0,0,0,42,18,22,23,0,22,24,25,0,0,0,43,22,14,13,23,0,26,27,28,29,9,9,9,9,43,14,22,21,15,0,30,31,32,33,14,14,14,14,43,23,13,12,20,0,34,35,36,37,15,15,15,15],
    "normals":[-1,0,0,0,0,1,-0,0,1,0,1,0,0,0,-1,0,-1,4.37114e-08,1,0,-0,1,0,0,0,-1,0,0,-0,1,-0,0,1,1,-0,0,0,1,-4.87026e-08,-1,0,-0,0,1,-0,0,-1,8.06025e-08],
    "uvs":[[0.0741311,0.900625,0.0741311,0.450177,0.308585,0.450177,0.308585,0.900625,0.0888972,0.478547,0.0888972,0.872255,0.293819,0.478547,0.353846,0.837889,0.0288702,0.837889,0.0288703,0.512913,0.353846,0.512913,0.0741311,0.88519,0.308585,0.88519,0.194634,0.450177,0.194634,0.870735,0.188082,0.870735,0.188082,0.450177,0.34271,0.837889,0.34271,0.512913,0.293819,0.872255,0.194634,0.900625,0.188082,0.900625,0.308585,0.465613,0.0741311,0.465613,0.188082,0.480067,0.194634,0.480067,0.0741311,0.894061,0.0741311,0.456741,0.308585,0.456741,0.308585,0.894061,0.353846,0.517648,0.353846,0.833154,0.0410375,0.833154,0.0410375,0.517648,0.305169,0.900625,0.0775473,0.900625,0.0775473,0.467042,0.305169,0.467042]],
    "materials":[{
        "visible":true,
        "colorSpecular":[0.7,0.7,0.7],
        "specularCoef":50,
        "depthWrite":true,
        "mapDiffuseWrap":["repeat","repeat"],
        "DbgIndex":0,
        "mapDiffuse":"../../texture/steel.jpg",
        "mapDiffuseRepeat":[1,1],
        "colorDiffuse":[0.64,0.64,0.64],
        "opacity":1,
        "colorEmissive":[0,0,0],
        "DbgName":"Material.006",
        "transparent":false,
        "DbgColor":15658734,
        "blending":1,
        "depthTest":true,
        "shading":"phong",
        "mapDiffuseAnisotropy":1,
        "doubleSided":false,
        "wireframe":false
    }]
}