{
    "faces":[43,0,1,2,3,0,0,1,2,3,0,0,0,0,43,5,0,3,4,0,5,0,3,4,1,1,1,1,43,7,2,1,6,0,6,2,1,7,1,1,1,1,43,5,4,9,10,0,5,4,8,9,0,0,0,0,43,6,12,13,7,0,7,10,11,6,0,0,0,0,43,11,10,9,8,0,12,13,14,15,2,2,2,2,43,15,13,12,14,0,16,11,10,17,3,3,3,3,43,14,16,17,15,0,17,18,19,16,0,0,0,0,42,15,17,19,0,20,21,22,4,4,4,42,7,13,15,0,30,31,20,5,5,5,42,3,2,7,0,28,29,30,4,4,4,42,9,4,3,0,26,27,28,4,4,4,42,23,8,9,0,24,25,26,6,6,6,42,19,21,23,0,22,23,24,5,5,5,42,7,15,19,0,30,20,22,7,7,7,42,9,3,7,0,26,28,30,8,8,8,42,19,23,9,0,22,24,26,9,9,9,42,19,9,7,0,22,26,30,10,10,10,43,19,17,16,18,0,32,19,18,33,3,3,3,3,43,18,20,21,19,0,33,34,35,32,0,0,0,0,42,18,16,14,0,36,37,38,11,11,11,42,22,20,18,0,14,44,36,12,12,12,42,10,11,22,0,12,13,14,13,13,13,42,0,5,10,0,42,43,12,7,7,7,42,6,1,0,0,40,41,42,7,7,7,42,14,12,6,0,38,39,40,7,7,7,42,22,18,14,0,14,36,38,14,14,14,42,0,10,22,0,42,12,14,15,15,15,42,14,6,0,0,38,40,42,7,7,7,42,14,0,22,0,38,42,14,16,16,16,43,23,21,20,22,0,45,35,34,46,3,3,3,3,43,11,8,23,22,0,12,13,14,15,17,17,17,17],
    "vertices":[0.803205,0.199725,-0.715157,0.803205,0.399725,-0.715157,0.803205,0.399725,-1.96055,0.803205,0.199725,-1.96055,0.603205,0.199725,-1.96055,0.603205,0.199725,-0.715157,1.0032,0.399725,-0.715157,1.0032,0.399725,-1.96055,1.94385,-0.0170586,-1.96055,0.603205,-0.0170586,-1.96055,0.603205,-0.0170586,-0.715157,1.94385,-0.0170586,-0.715157,1.0032,0.599725,-0.715157,1.0032,0.599725,-1.96055,1.2032,0.599725,-0.715157,1.2032,0.599725,-1.96055,1.2032,0.799725,-0.715157,1.2032,0.799725,-1.96055,1.4032,0.799725,-0.715157,1.4032,0.799725,-1.96055,1.4032,0.999725,-0.715157,1.4032,0.999725,-1.96055,1.94385,0.999725,-0.715157,1.94385,0.999725,-1.96055],
    "normals":[-1,0,0,0,1,-4.78603e-08,0,-1,4.33734e-08,0,1,0,-0,-0,-1,-0,-0,-1,0,0,-1,0,0,1,0,0,-1,-0,0,-1,0,-0,-1,-0,2.98023e-07,1,0,0,1,0,5.86208e-08,1,-1.74978e-07,4.73002e-07,1,1.48058e-07,-1.36595e-07,1,1.74978e-07,-1.74978e-07,1,1,0,0],
    "materials":[{
        "colorSpecular":[0.1,0.1,0.1],
        "doubleSided":false,
        "opacity":1,
        "shading":"phong",
        "depthTest":true,
        "colorEmissive":[0,0,0],
        "visible":true,
        "mapDiffuseAnisotropy":1,
        "transparent":false,
        "wireframe":false,
        "DbgName":"Material.005",
        "depthWrite":true,
        "mapDiffuseWrap":["repeat","repeat"],
        "DbgColor":15658734,
        "mapDiffuse":"../../texture/gold-texture.jpg",
        "colorDiffuse":[0.64,0.64,0.64],
        "mapDiffuseRepeat":[1,1],
        "blending":1,
        "DbgIndex":0,
        "specularCoef":50
    }],
    "metadata":{
        "faces":32,
        "vertices":24,
        "normals":18,
        "version":3,
        "type":"Geometry",
        "generator":"io_three",
        "materials":1,
        "uvs":1
    },
    "uvs":[[1,-0.146407,1,0.0232696,3.57179e-07,0.023269,3.57179e-07,-0.146408,3.57179e-07,-0.316084,1,-0.316084,3.57179e-07,0.192946,1,0.192946,3.57179e-07,-0.5,1,-0.5,1,0.362623,3.57179e-07,0.362622,0,0,1,0,1,1,0,1,2.38119e-07,0.532299,1,0.5323,1,0.701976,2.38119e-07,0.701976,0.5,1,0.75,0.933013,0.933013,0.75,1,0.5,0.933013,0.25,0.75,0.0669873,0.5,0,0.25,0.0669872,0.0669874,0.25,0,0.5,0.0669872,0.75,0.25,0.933013,2.38119e-07,0.871652,1,0.871653,1,1.04133,2.38119e-07,1.04133,0.59673,0.803301,0.447547,0.803301,0.447547,0.606603,0.298365,0.606603,0.298365,0.409904,0.149183,0.409904,0.149183,0.213205,0,0.213205,0.59673,1,0,1.5,1,1.5]]
}